date,brand,region,sales,price_avg,promotion,is_holiday_month,competitor_discount
2018-01-01,Toyota,Bangkok,685,757175,0,0,low
2018-01-01,Toyota,Central,675,772736,1,0,medium
2018-01-01,Toyota,North,524,738183,1,0,low
2018-01-01,Toyota,Northeast,354,771383,0,0,low
2018-01-01,Toyota,South,409,733295,0,0,low
2018-01-01,Honda,Bangkok,495,692193,0,0,medium
2018-01-01,Honda,Central,407,669485,0,0,low
2018-01-01,Honda,North,366,699327,1,0,low
2018-01-01,Honda,Northeast,275,676700,0,0,low
2018-01-01,Honda,South,333,687942,1,0,medium
2018-01-01,Isuzu,Bangkok,686,849363,0,0,low
2018-01-01,Isuzu,Central,468,841691,0,0,high
2018-01-01,Isuzu,North,408,781050,1,0,low
2018-01-01,Isuzu,Northeast,308,798337,0,0,medium
2018-01-01,Isuzu,South,399,841838,1,0,medium
2018-01-01,Ford,Bangkok,290,686906,0,0,low
2018-01-01,Ford,Central,210,723092,0,0,low
2018-01-01,Ford,North,202,681137,0,0,medium
2018-01-01,Ford,Northeast,157,698408,0,0,medium
2018-01-01,Ford,South,183,707101,0,0,low
2018-01-01,Mazda,Bangkok,215,688740,0,0,low
2018-01-01,Mazda,Central,182,711579,1,0,medium
2018-01-01,Mazda,North,137,659052,0,0,medium
2018-01-01,Mazda,Northeast,143,681163,1,0,low
2018-01-01,Mazda,South,129,713974,0,0,high
2018-02-01,Toyota,Bangkok,666,753949,0,0,high
2018-02-01,Toyota,Central,476,741723,0,0,low
2018-02-01,Toyota,North,332,757774,0,0,low
2018-02-01,Toyota,Northeast,415,746263,1,0,low
2018-02-01,Toyota,South,332,781589,0,0,high
2018-02-01,Honda,Bangkok,430,645860,0,0,low
2018-02-01,Honda,Central,340,671174,0,0,medium
2018-02-01,Honda,North,327,674715,1,0,low
2018-02-01,Honda,Northeast,289,679849,1,0,low
2018-02-01,Honda,South,234,695772,0,0,medium
2018-02-01,Isuzu,Bangkok,534,854251,0,0,medium
2018-02-01,Isuzu,Central,432,842709,1,0,low
2018-02-01,Isuzu,North,401,841490,1,0,low
2018-02-01,Isuzu,Northeast,292,789917,0,0,low
2018-02-01,Isuzu,South,292,816040,0,0,low
2018-02-01,Ford,Bangkok,241,711678,0,0,medium
2018-02-01,Ford,Central,209,753322,0,0,low
2018-02-01,Ford,North,166,725005,1,0,low
2018-02-01,Ford,Northeast,146,725558,0,0,low
2018-02-01,Ford,South,164,717795,1,0,low
2018-02-01,Mazda,Bangkok,214,664811,1,0,medium
2018-02-01,Mazda,Central,151,670241,0,0,low
2018-02-01,Mazda,North,124,716255,0,0,medium
2018-02-01,Mazda,Northeast,100,693019,0,0,low
2018-02-01,Mazda,South,111,685040,0,0,medium
2018-03-01,Toyota,Bangkok,1003,752109,0,1,low
2018-03-01,Toyota,Central,734,771986,1,1,low
2018-03-01,Toyota,North,550,766657,0,1,high
2018-03-01,Toyota,Northeast,479,767483,0,1,low
2018-03-01,Toyota,South,465,738458,0,1,medium
2018-03-01,Honda,Bangkok,626,715963,0,1,low
2018-03-01,Honda,Central,504,681047,0,1,medium
2018-03-01,Honda,North,365,708192,0,1,low
2018-03-01,Honda,Northeast,351,685247,0,1,high
2018-03-01,Honda,South,374,680149,0,1,medium
2018-03-01,Isuzu,Bangkok,699,824334,0,1,low
2018-03-01,Isuzu,Central,547,798944,0,1,low
2018-03-01,Isuzu,North,395,828789,0,1,medium
2018-03-01,Isuzu,Northeast,429,811763,1,1,medium
2018-03-01,Isuzu,South,407,788736,0,1,low
2018-03-01,Ford,Bangkok,453,738711,1,1,medium
2018-03-01,Ford,Central,271,709283,0,1,low
2018-03-01,Ford,North,215,664948,0,1,low
2018-03-01,Ford,Northeast,216,734887,1,1,low
2018-03-01,Ford,South,231,666143,1,1,medium
2018-03-01,Mazda,Bangkok,264,724182,0,1,medium
2018-03-01,Mazda,Central,194,663505,0,1,medium
2018-03-01,Mazda,North,188,728750,1,1,low
2018-03-01,Mazda,Northeast,136,687824,0,1,low
2018-03-01,Mazda,South,161,717391,0,1,low
2018-04-01,Toyota,Bangkok,849,802829,0,1,high
2018-04-01,Toyota,Central,657,751370,0,1,medium
2018-04-01,Toyota,North,482,778812,0,1,medium
2018-04-01,Toyota,Northeast,503,751596,0,1,low
2018-04-01,Toyota,South,469,754670,0,1,low
2018-04-01,Honda,Bangkok,570,672748,0,1,medium
2018-04-01,Honda,Central,475,691858,0,1,medium
2018-04-01,Honda,North,393,665513,0,1,medium
2018-04-01,Honda,Northeast,302,655100,0,1,medium
2018-04-01,Honda,South,370,671033,0,1,medium
2018-04-01,Isuzu,Bangkok,779,842900,1,1,medium
2018-04-01,Isuzu,Central,524,841007,0,1,low
2018-04-01,Isuzu,North,428,804917,0,1,high
2018-04-01,Isuzu,Northeast,431,846204,0,1,low
2018-04-01,Isuzu,South,415,790562,0,1,medium
2018-04-01,Ford,Bangkok,324,699814,0,1,medium
2018-04-01,Ford,Central,261,716880,0,1,low
2018-04-01,Ford,North,259,728515,1,1,low
2018-04-01,Ford,Northeast,216,704280,1,1,medium
2018-04-01,Ford,South,206,689974,0,1,high
2018-04-01,Mazda,Bangkok,243,718154,0,1,low
2018-04-01,Mazda,Central,175,722499,0,1,high
2018-04-01,Mazda,North,184,689905,1,1,low
2018-04-01,Mazda,Northeast,179,705956,1,1,medium
2018-04-01,Mazda,South,132,672526,0,1,high
2018-05-01,Toyota,Bangkok,767,772128,1,0,high
2018-05-01,Toyota,Central,617,751222,1,0,medium
2018-05-01,Toyota,North,416,791849,0,0,medium
2018-05-01,Toyota,Northeast,377,771966,0,0,medium
2018-05-01,Toyota,South,376,719511,0,0,low
2018-05-01,Honda,Bangkok,412,687394,0,0,medium
2018-05-01,Honda,Central,382,710123,0,0,low
2018-05-01,Honda,North,297,674242,0,0,medium
2018-05-01,Honda,Northeast,270,657614,0,0,low
2018-05-01,Honda,South,270,685685,0,0,low
2018-05-01,Isuzu,Bangkok,528,818635,0,0,high
2018-05-01,Isuzu,Central,456,827686,0,0,high
2018-05-01,Isuzu,North,335,780661,0,0,low
2018-05-01,Isuzu,Northeast,279,833173,0,0,medium
2018-05-01,Isuzu,South,288,812524,0,0,medium
2018-05-01,Ford,Bangkok,267,732576,0,0,high
2018-05-01,Ford,Central,221,703487,0,0,low
2018-05-01,Ford,North,214,718434,1,0,low
2018-05-01,Ford,Northeast,156,730331,1,0,low
2018-05-01,Ford,South,153,654411,0,0,medium
2018-05-01,Mazda,Bangkok,211,696845,0,0,high
2018-05-01,Mazda,Central,180,706485,1,0,low
2018-05-01,Mazda,North,128,698344,0,0,low
2018-05-01,Mazda,Northeast,113,688441,0,0,low
2018-05-01,Mazda,South,122,700094,1,0,low
2018-06-01,Toyota,Bangkok,723,742814,0,0,low
2018-06-01,Toyota,Central,553,737421,1,0,low
2018-06-01,Toyota,North,435,745690,1,0,low
2018-06-01,Toyota,Northeast,365,750948,0,0,medium
2018-06-01,Toyota,South,386,736041,0,0,medium
2018-06-01,Honda,Bangkok,501,654947,1,0,low
2018-06-01,Honda,Central,340,635280,0,0,medium
2018-06-01,Honda,North,350,659846,1,0,high
2018-06-01,Honda,Northeast,242,681621,0,0,low
2018-06-01,Honda,South,245,661547,0,0,low
2018-06-01,Isuzu,Bangkok,554,803902,1,0,low
2018-06-01,Isuzu,Central,471,842399,1,0,medium
2018-06-01,Isuzu,North,313,819918,0,0,medium
2018-06-01,Isuzu,Northeast,286,858918,0,0,low
2018-06-01,Isuzu,South,319,787782,0,0,medium
2018-06-01,Ford,Bangkok,258,702674,0,0,low
2018-06-01,Ford,Central,226,686854,1,0,low
2018-06-01,Ford,North,180,688551,1,0,high
2018-06-01,Ford,Northeast,143,714377,1,0,high
2018-06-01,Ford,South,173,698216,1,0,high
2018-06-01,Mazda,Bangkok,184,678975,0,0,medium
2018-06-01,Mazda,Central,170,723525,0,0,low
2018-06-01,Mazda,North,119,669257,0,0,low
2018-06-01,Mazda,Northeast,107,683650,0,0,medium
2018-06-01,Mazda,South,102,695542,0,0,low
2018-07-01,Toyota,Bangkok,624,740832,0,0,low
2018-07-01,Toyota,Central,548,767105,1,0,medium
2018-07-01,Toyota,North,387,804761,0,0,low
2018-07-01,Toyota,Northeast,363,752011,0,0,low
2018-07-01,Toyota,South,426,785553,1,0,medium
2018-07-01,Honda,Bangkok,489,692001,1,0,low
2018-07-01,Honda,Central,411,701112,1,0,medium
2018-07-01,Honda,North,278,699331,0,0,medium
2018-07-01,Honda,Northeast,241,634501,0,0,low
2018-07-01,Honda,South,228,680327,0,0,high
2018-07-01,Isuzu,Bangkok,530,822352,0,0,medium
2018-07-01,Isuzu,Central,459,833995,1,0,low
2018-07-01,Isuzu,North,383,850684,1,0,medium
2018-07-01,Isuzu,Northeast,279,829933,0,0,low
2018-07-01,Isuzu,South,361,829890,1,0,high
2018-07-01,Ford,Bangkok,271,690662,0,0,low
2018-07-01,Ford,Central,240,720444,1,0,medium
2018-07-01,Ford,North,146,705900,0,0,low
2018-07-01,Ford,Northeast,167,717546,1,0,low
2018-07-01,Ford,South,145,755515,0,0,medium
2018-07-01,Mazda,Bangkok,240,702218,1,0,high
2018-07-01,Mazda,Central,150,666407,0,0,medium
2018-07-01,Mazda,North,122,692071,0,0,high
2018-07-01,Mazda,Northeast,124,700845,0,0,low
2018-07-01,Mazda,South,132,677936,1,0,low
2018-08-01,Toyota,Bangkok,684,697783,0,0,high
2018-08-01,Toyota,Central,550,731584,0,0,low
2018-08-01,Toyota,North,448,746646,1,0,low
2018-08-01,Toyota,Northeast,389,746462,0,0,low
2018-08-01,Toyota,South,349,761625,0,0,high
2018-08-01,Honda,Bangkok,498,676643,1,0,high
2018-08-01,Honda,Central,343,683045,0,0,medium
2018-08-01,Honda,North,334,683162,1,0,low
2018-08-01,Honda,Northeast,345,657415,1,0,low
2018-08-01,Honda,South,282,625749,0,0,low
2018-08-01,Isuzu,Bangkok,484,825011,0,0,low
2018-08-01,Isuzu,Central,405,832983,0,0,low
2018-08-01,Isuzu,North,327,818288,0,0,low
2018-08-01,Isuzu,Northeast,296,820737,0,0,low
2018-08-01,Isuzu,South,344,816793,1,0,low
2018-08-01,Ford,Bangkok,254,695186,0,0,low
2018-08-01,Ford,Central,207,705307,0,0,low
2018-08-01,Ford,North,160,680315,0,0,high
2018-08-01,Ford,Northeast,153,737058,1,0,high
2018-08-01,Ford,South,137,682857,0,0,low
2018-08-01,Mazda,Bangkok,204,660750,0,0,low
2018-08-01,Mazda,Central,137,678720,0,0,high
2018-08-01,Mazda,North,132,689359,0,0,medium
2018-08-01,Mazda,Northeast,126,703915,0,0,low
2018-08-01,Mazda,South,118,692086,1,0,low
2018-09-01,Toyota,Bangkok,639,762416,1,0,medium
2018-09-01,Toyota,Central,470,761856,0,0,low
2018-09-01,Toyota,North,499,785336,1,0,medium
2018-09-01,Toyota,Northeast,400,768148,1,0,low
2018-09-01,Toyota,South,344,754467,0,0,medium
2018-09-01,Honda,Bangkok,450,663711,1,0,low
2018-09-01,Honda,Central,350,644227,0,0,low
2018-09-01,Honda,North,278,683652,0,0,low
2018-09-01,Honda,Northeast,293,649008,1,0,low
2018-09-01,Honda,South,221,700137,0,0,medium
2018-09-01,Isuzu,Bangkok,572,811762,1,0,low
2018-09-01,Isuzu,Central,351,810150,0,0,medium
2018-09-01,Isuzu,North,296,842865,0,0,medium
2018-09-01,Isuzu,Northeast,259,814434,0,0,medium
2018-09-01,Isuzu,South,295,835219,0,0,medium
2018-09-01,Ford,Bangkok,239,713291,0,0,low
2018-09-01,Ford,Central,233,702810,1,0,low
2018-09-01,Ford,North,162,695521,0,0,high
2018-09-01,Ford,Northeast,150,698311,0,0,medium
2018-09-01,Ford,South,128,710521,0,0,low
2018-09-01,Mazda,Bangkok,199,716453,1,0,medium
2018-09-01,Mazda,Central,171,650055,1,0,medium
2018-09-01,Mazda,North,124,695858,0,0,medium
2018-09-01,Mazda,Northeast,126,690973,1,0,medium
2018-09-01,Mazda,South,113,675852,0,0,low
2018-10-01,Toyota,Bangkok,716,757061,0,0,high
2018-10-01,Toyota,Central,479,710431,0,0,medium
2018-10-01,Toyota,North,492,731892,1,0,low
2018-10-01,Toyota,Northeast,342,722833,0,0,medium
2018-10-01,Toyota,South,441,731424,1,0,high
2018-10-01,Honda,Bangkok,541,666456,0,0,low
2018-10-01,Honda,Central,399,713070,0,0,medium
2018-10-01,Honda,North,340,667781,1,0,low
2018-10-01,Honda,Northeast,263,676570,0,0,high
2018-10-01,Honda,South,265,656059,0,0,medium
2018-10-01,Isuzu,Bangkok,554,810736,0,0,low
2018-10-01,Isuzu,Central,560,843070,1,0,medium
2018-10-01,Isuzu,North,392,834361,1,0,low
2018-10-01,Isuzu,Northeast,320,846656,0,0,medium
2018-10-01,Isuzu,South,319,789069,1,0,low
2018-10-01,Ford,Bangkok,257,699826,0,0,low
2018-10-01,Ford,Central,168,681725,0,0,medium
2018-10-01,Ford,North,188,676231,0,0,medium
2018-10-01,Ford,Northeast,157,706416,0,0,medium
2018-10-01,Ford,South,158,715015,0,0,medium
2018-10-01,Mazda,Bangkok,216,721705,0,0,medium
2018-10-01,Mazda,Central,179,672745,1,0,medium
2018-10-01,Mazda,North,154,698288,1,0,medium
2018-10-01,Mazda,Northeast,140,659169,1,0,high
2018-10-01,Mazda,South,121,662049,0,0,medium
2018-11-01,Toyota,Bangkok,725,740968,0,0,medium
2018-11-01,Toyota,Central,601,717566,0,0,high
2018-11-01,Toyota,North,533,759191,1,0,low
2018-11-01,Toyota,Northeast,399,753929,0,0,medium
2018-11-01,Toyota,South,396,752875,0,0,high
2018-11-01,Honda,Bangkok,510,669273,0,0,low
2018-11-01,Honda,Central,448,638481,1,0,medium
2018-11-01,Honda,North,288,671707,0,0,high
2018-11-01,Honda,Northeast,264,676374,0,0,medium
2018-11-01,Honda,South,304,706735,0,0,low
2018-11-01,Isuzu,Bangkok,563,791784,0,0,high
2018-11-01,Isuzu,Central,415,860839,0,0,low
2018-11-01,Isuzu,North,386,814918,0,0,low
2018-11-01,Isuzu,Northeast,377,814356,1,0,low
2018-11-01,Isuzu,South,336,819288,0,0,low
2018-11-01,Ford,Bangkok,297,715173,0,0,medium
2018-11-01,Ford,Central,211,706788,0,0,low
2018-11-01,Ford,North,197,710319,0,0,low
2018-11-01,Ford,Northeast,191,684094,1,0,low
2018-11-01,Ford,South,179,699699,1,0,medium
2018-11-01,Mazda,Bangkok,206,710612,0,0,low
2018-11-01,Mazda,Central,191,675755,1,0,low
2018-11-01,Mazda,North,146,667361,0,0,high
2018-11-01,Mazda,Northeast,122,678180,0,0,low
2018-11-01,Mazda,South,161,689532,1,0,medium
2018-12-01,Toyota,Bangkok,906,750847,0,1,low
2018-12-01,Toyota,Central,854,733532,1,1,low
2018-12-01,Toyota,North,651,764024,0,1,low
2018-12-01,Toyota,Northeast,638,732032,1,1,medium
2018-12-01,Toyota,South,696,758053,1,1,high
2018-12-01,Honda,Bangkok,646,702215,0,1,medium
2018-12-01,Honda,Central,609,699382,1,1,medium
2018-12-01,Honda,North,440,724523,0,1,medium
2018-12-01,Honda,Northeast,412,669202,1,1,medium
2018-12-01,Honda,South,450,678028,0,1,medium
2018-12-01,Isuzu,Bangkok,820,833881,1,1,medium
2018-12-01,Isuzu,Central,736,817275,1,1,medium
2018-12-01,Isuzu,North,436,797820,0,1,low
2018-12-01,Isuzu,Northeast,396,869242,0,1,medium
2018-12-01,Isuzu,South,394,805909,0,1,medium
2018-12-01,Ford,Bangkok,394,673670,0,1,medium
2018-12-01,Ford,Central,307,685602,0,1,high
2018-12-01,Ford,North,288,693878,1,1,low
2018-12-01,Ford,Northeast,249,722310,1,1,medium
2018-12-01,Ford,South,203,706703,0,1,low
2018-12-01,Mazda,Bangkok,300,664212,0,1,low
2018-12-01,Mazda,Central,204,684361,0,1,low
2018-12-01,Mazda,North,185,695261,1,1,medium
2018-12-01,Mazda,Northeast,170,661185,0,1,medium
2018-12-01,Mazda,South,198,715305,1,1,low
2019-01-01,Toyota,Bangkok,766,779221,0,0,high
2019-01-01,Toyota,Central,664,737603,1,0,low
2019-01-01,Toyota,North,478,726713,0,0,high
2019-01-01,Toyota,Northeast,413,750209,0,0,low
2019-01-01,Toyota,South,431,760182,0,0,high
2019-01-01,Honda,Bangkok,458,739930,0,0,medium
2019-01-01,Honda,Central,447,693143,1,0,medium
2019-01-01,Honda,North,342,666725,0,0,low
2019-01-01,Honda,Northeast,309,661289,0,0,medium
2019-01-01,Honda,South,299,720869,0,0,medium
2019-01-01,Isuzu,Bangkok,583,821660,0,0,high
2019-01-01,Isuzu,Central,440,836442,0,0,medium
2019-01-01,Isuzu,North,367,827297,0,0,medium
2019-01-01,Isuzu,Northeast,363,813791,0,0,medium
2019-01-01,Isuzu,South,354,828746,0,0,low
2019-01-01,Ford,Bangkok,318,711968,0,0,medium
2019-01-01,Ford,Central,253,694510,0,0,low
2019-01-01,Ford,North,177,665481,0,0,medium
2019-01-01,Ford,Northeast,155,693625,0,0,low
2019-01-01,Ford,South,199,685297,1,0,medium
2019-01-01,Mazda,Bangkok,194,675862,0,0,high
2019-01-01,Mazda,Central,171,689587,0,0,low
2019-01-01,Mazda,North,157,652241,0,0,medium
2019-01-01,Mazda,Northeast,133,701912,0,0,medium
2019-01-01,Mazda,South,126,698116,0,0,high
2019-02-01,Toyota,Bangkok,714,762444,1,0,low
2019-02-01,Toyota,Central,467,727853,0,0,low
2019-02-01,Toyota,North,357,758928,0,0,medium
2019-02-01,Toyota,Northeast,346,714296,0,0,low
2019-02-01,Toyota,South,388,762398,1,0,medium
2019-02-01,Honda,Bangkok,444,660880,0,0,low
2019-02-01,Honda,Central,374,678467,0,0,medium
2019-02-01,Honda,North,334,682839,1,0,medium
2019-02-01,Honda,Northeast,247,688184,0,0,low
2019-02-01,Honda,South,268,673861,0,0,high
2019-02-01,Isuzu,Bangkok,525,802759,0,0,low
2019-02-01,Isuzu,Central,438,799626,0,0,low
2019-02-01,Isuzu,North,366,789549,0,0,low
2019-02-01,Isuzu,Northeast,281,831157,0,0,low
2019-02-01,Isuzu,South,354,859935,1,0,medium
2019-02-01,Ford,Bangkok,314,664608,1,0,low
2019-02-01,Ford,Central,202,683781,0,0,low
2019-02-01,Ford,North,171,723185,0,0,high
2019-02-01,Ford,Northeast,168,688782,1,0,medium
2019-02-01,Ford,South,134,685062,0,0,low
2019-02-01,Mazda,Bangkok,206,690692,1,0,medium
2019-02-01,Mazda,Central,180,692246,1,0,medium
2019-02-01,Mazda,North,112,664467,0,0,medium
2019-02-01,Mazda,Northeast,112,730293,0,0,medium
2019-02-01,Mazda,South,108,675905,0,0,high
2019-03-01,Toyota,Bangkok,951,764161,1,1,medium
2019-03-01,Toyota,Central,870,743097,1,1,low
2019-03-01,Toyota,North,547,718339,0,1,low
2019-03-01,Toyota,Northeast,504,767551,0,1,medium
2019-03-01,Toyota,South,480,755070,0,1,medium
2019-03-01,Honda,Bangkok,729,691880,1,1,medium
2019-03-01,Honda,Central,520,661849,1,1,low
2019-03-01,Honda,North,457,694445,1,1,low
2019-03-01,Honda,Northeast,397,656918,0,1,medium
2019-03-01,Honda,South,357,679968,0,1,high
2019-03-01,Isuzu,Bangkok,787,848691,1,1,high
2019-03-01,Isuzu,Central,571,834750,0,1,low
2019-03-01,Isuzu,North,483,811315,1,1,medium
2019-03-01,Isuzu,Northeast,403,824194,0,1,medium
2019-03-01,Isuzu,South,530,812616,1,1,medium
2019-03-01,Ford,Bangkok,343,701343,1,1,low
2019-03-01,Ford,Central,284,701133,0,1,low
2019-03-01,Ford,North,186,706158,0,1,low
2019-03-01,Ford,Northeast,207,673067,0,1,medium
2019-03-01,Ford,South,221,698684,1,1,high
2019-03-01,Mazda,Bangkok,293,681493,1,1,low
2019-03-01,Mazda,Central,211,677001,0,1,low
2019-03-01,Mazda,North,154,708887,0,1,medium
2019-03-01,Mazda,Northeast,141,685674,0,1,high
2019-03-01,Mazda,South,146,665759,0,1,low
2019-04-01,Toyota,Bangkok,909,767149,0,1,low
2019-04-01,Toyota,Central,662,749658,0,1,low
2019-04-01,Toyota,North,558,724830,0,1,low
2019-04-01,Toyota,Northeast,533,749303,1,1,medium
2019-04-01,Toyota,South,458,749098,0,1,low
2019-04-01,Honda,Bangkok,521,670923,0,1,low
2019-04-01,Honda,Central,483,684224,0,1,high
2019-04-01,Honda,North,415,657135,0,1,low
2019-04-01,Honda,Northeast,343,698795,0,1,medium
2019-04-01,Honda,South,351,696309,0,1,medium
2019-04-01,Isuzu,Bangkok,737,821542,1,1,medium
2019-04-01,Isuzu,Central,535,822215,0,1,low
2019-04-01,Isuzu,North,422,851950,0,1,low
2019-04-01,Isuzu,Northeast,410,848482,0,1,low
2019-04-01,Isuzu,South,461,802586,1,1,medium
2019-04-01,Ford,Bangkok,358,727534,0,1,low
2019-04-01,Ford,Central,317,680561,1,1,medium
2019-04-01,Ford,North,214,700810,0,1,high
2019-04-01,Ford,Northeast,214,737784,0,1,medium
2019-04-01,Ford,South,187,707543,0,1,low
2019-04-01,Mazda,Bangkok,249,663477,0,1,low
2019-04-01,Mazda,Central,210,693057,0,1,low
2019-04-01,Mazda,North,193,686593,1,1,medium
2019-04-01,Mazda,Northeast,150,695504,0,1,medium
2019-04-01,Mazda,South,155,673157,0,1,low
2019-05-01,Toyota,Bangkok,714,766525,0,0,medium
2019-05-01,Toyota,Central,624,750682,1,0,high
2019-05-01,Toyota,North,498,748067,1,0,medium
2019-05-01,Toyota,Northeast,388,716431,0,0,medium
2019-05-01,Toyota,South,441,774197,0,0,medium
2019-05-01,Honda,Bangkok,526,692720,0,0,high
2019-05-01,Honda,Central,359,689753,0,0,low
2019-05-01,Honda,North,368,661095,1,0,high
2019-05-01,Honda,Northeast,336,671374,1,0,low
2019-05-01,Honda,South,283,709508,0,0,low
2019-05-01,Isuzu,Bangkok,551,855788,0,0,low
2019-05-01,Isuzu,Central,389,792784,0,0,low
2019-05-01,Isuzu,North,331,768484,0,0,medium
2019-05-01,Isuzu,Northeast,278,855847,0,0,low
2019-05-01,Isuzu,South,331,805904,0,0,low
2019-05-01,Ford,Bangkok,307,693783,0,0,low
2019-05-01,Ford,Central,236,739618,0,0,medium
2019-05-01,Ford,North,167,717384,0,0,medium
2019-05-01,Ford,Northeast,165,686365,0,0,medium
2019-05-01,Ford,South,129,716819,0,0,low
2019-05-01,Mazda,Bangkok,193,687200,0,0,low
2019-05-01,Mazda,Central,161,701938,0,0,low
2019-05-01,Mazda,North,128,695416,0,0,low
2019-05-01,Mazda,Northeast,124,649896,0,0,medium
2019-05-01,Mazda,South,122,665688,1,0,low
2019-06-01,Toyota,Bangkok,731,767357,1,0,medium
2019-06-01,Toyota,Central,548,745613,0,0,medium
2019-06-01,Toyota,North,480,781286,1,0,low
2019-06-01,Toyota,Northeast,436,741484,1,0,low
2019-06-01,Toyota,South,395,767507,0,0,low
2019-06-01,Honda,Bangkok,470,668301,0,0,medium
2019-06-01,Honda,Central,340,661793,0,0,low
2019-06-01,Honda,North,280,661174,0,0,medium
2019-06-01,Honda,Northeast,254,679714,0,0,low
2019-06-01,Honda,South,264,656927,0,0,low
2019-06-01,Isuzu,Bangkok,533,822148,0,0,medium
2019-06-01,Isuzu,Central,410,805141,0,0,low
2019-06-01,Isuzu,North,315,833949,0,0,medium
2019-06-01,Isuzu,Northeast,301,828558,0,0,low
2019-06-01,Isuzu,South,336,806670,1,0,low
2019-06-01,Ford,Bangkok,278,755926,0,0,low
2019-06-01,Ford,Central,202,703198,0,0,medium
2019-06-01,Ford,North,168,682590,0,0,low
2019-06-01,Ford,Northeast,168,742210,1,0,low
2019-06-01,Ford,South,143,701549,0,0,medium
2019-06-01,Mazda,Bangkok,189,688781,0,0,medium
2019-06-01,Mazda,Central,170,679433,1,0,low
2019-06-01,Mazda,North,115,691966,0,0,high
2019-06-01,Mazda,Northeast,110,700586,0,0,low
2019-06-01,Mazda,South,112,674767,0,0,high
2019-07-01,Toyota,Bangkok,605,749878,0,0,medium
2019-07-01,Toyota,Central,544,737216,0,0,high
2019-07-01,Toyota,North,422,754514,1,0,medium
2019-07-01,Toyota,Northeast,393,762076,0,0,low
2019-07-01,Toyota,South,340,752648,0,0,medium
2019-07-01,Honda,Bangkok,472,671273,0,0,high
2019-07-01,Honda,Central,341,669479,0,0,high
2019-07-01,Honda,North,285,656270,0,0,medium
2019-07-01,Honda,Northeast,298,684921,1,0,medium
2019-07-01,Honda,South,261,679081,0,0,medium
2019-07-01,Isuzu,Bangkok,477,813720,0,0,low
2019-07-01,Isuzu,Central,447,825509,0,0,high
2019-07-01,Isuzu,North,361,834672,1,0,high
2019-07-01,Isuzu,Northeast,325,828629,0,0,low
2019-07-01,Isuzu,South,290,852126,0,0,low
2019-07-01,Ford,Bangkok,249,720846,0,0,low
2019-07-01,Ford,Central,195,691375,0,0,low
2019-07-01,Ford,North,172,726398,0,0,medium
2019-07-01,Ford,Northeast,145,725727,0,0,high
2019-07-01,Ford,South,150,683408,0,0,low
2019-07-01,Mazda,Bangkok,188,700852,0,0,medium
2019-07-01,Mazda,Central,163,710959,0,0,medium
2019-07-01,Mazda,North,131,662743,0,0,high
2019-07-01,Mazda,Northeast,114,703816,0,0,medium
2019-07-01,Mazda,South,111,703462,0,0,medium
2019-08-01,Toyota,Bangkok,685,698767,1,0,high
2019-08-01,Toyota,Central,529,748572,0,0,low
2019-08-01,Toyota,North,421,759487,0,0,high
2019-08-01,Toyota,Northeast,383,757132,0,0,medium
2019-08-01,Toyota,South,459,738148,1,0,low
2019-08-01,Honda,Bangkok,474,666826,0,0,medium
2019-08-01,Honda,Central,372,673956,1,0,medium
2019-08-01,Honda,North,317,662375,0,0,low
2019-08-01,Honda,Northeast,272,698342,0,0,medium
2019-08-01,Honda,South,277,666753,0,0,low
2019-08-01,Isuzu,Bangkok,507,820887,0,0,medium
2019-08-01,Isuzu,Central,424,835791,0,0,medium
2019-08-01,Isuzu,North,354,886113,0,0,low
2019-08-01,Isuzu,Northeast,330,811340,0,0,medium
2019-08-01,Isuzu,South,341,792618,0,0,medium
2019-08-01,Ford,Bangkok,249,716440,0,0,medium
2019-08-01,Ford,Central,236,649542,1,0,medium
2019-08-01,Ford,North,185,712834,0,0,medium
2019-08-01,Ford,Northeast,150,696128,0,0,low
2019-08-01,Ford,South,149,656575,0,0,low
2019-08-01,Mazda,Bangkok,188,676143,0,0,medium
2019-08-01,Mazda,Central,191,678045,1,0,medium
2019-08-01,Mazda,North,130,686263,0,0,low
2019-08-01,Mazda,Northeast,123,695561,1,0,low
2019-08-01,Mazda,South,113,712276,0,0,medium
2019-09-01,Toyota,Bangkok,613,735309,0,0,low
2019-09-01,Toyota,Central,518,745916,0,0,medium
2019-09-01,Toyota,North,426,737796,0,0,high
2019-09-01,Toyota,Northeast,362,736167,0,0,medium
2019-09-01,Toyota,South,392,700294,1,0,low
2019-09-01,Honda,Bangkok,551,669984,1,0,low
2019-09-01,Honda,Central,409,676566,1,0,medium
2019-09-01,Honda,North,302,644626,0,0,low
2019-09-01,Honda,Northeast,254,695482,0,0,high
2019-09-01,Honda,South,252,664806,0,0,low
2019-09-01,Isuzu,Bangkok,519,804118,1,0,low
2019-09-01,Isuzu,Central,348,838023,0,0,medium
2019-09-01,Isuzu,North,332,840801,0,0,low
2019-09-01,Isuzu,Northeast,270,793073,0,0,medium
2019-09-01,Isuzu,South,296,832021,0,0,high
2019-09-01,Ford,Bangkok,223,685443,0,0,medium
2019-09-01,Ford,Central,216,716370,0,0,medium
2019-09-01,Ford,North,159,674496,0,0,low
2019-09-01,Ford,Northeast,135,690966,0,0,low
2019-09-01,Ford,South,131,725479,0,0,low
2019-09-01,Mazda,Bangkok,201,665503,0,0,medium
2019-09-01,Mazda,Central,164,680434,0,0,low
2019-09-01,Mazda,North,121,680152,0,0,high
2019-09-01,Mazda,Northeast,100,682510,0,0,low
2019-09-01,Mazda,South,96,682651,0,0,high
2019-10-01,Toyota,Bangkok,792,755152,1,0,high
2019-10-01,Toyota,Central,493,716558,0,0,low
2019-10-01,Toyota,North,450,723443,0,0,medium
2019-10-01,Toyota,Northeast,390,777623,0,0,low
2019-10-01,Toyota,South,365,730536,0,0,high
2019-10-01,Honda,Bangkok,512,642775,0,0,low
2019-10-01,Honda,Central,376,727616,0,0,low
2019-10-01,Honda,North,317,698349,0,0,medium
2019-10-01,Honda,Northeast,269,653973,0,0,low
2019-10-01,Honda,South,251,684914,0,0,high
2019-10-01,Isuzu,Bangkok,562,863520,0,0,high
2019-10-01,Isuzu,Central,489,826890,1,0,medium
2019-10-01,Isuzu,North,353,791154,0,0,high
2019-10-01,Isuzu,Northeast,321,845729,0,0,low
2019-10-01,Isuzu,South,328,802158,0,0,low
2019-10-01,Ford,Bangkok,322,694335,0,0,high
2019-10-01,Ford,Central,233,692925,0,0,medium
2019-10-01,Ford,North,190,695706,0,0,high
2019-10-01,Ford,Northeast,180,721074,1,0,medium
2019-10-01,Ford,South,176,694930,0,0,medium
2019-10-01,Mazda,Bangkok,202,674535,0,0,low
2019-10-01,Mazda,Central,154,675842,0,0,high
2019-10-01,Mazda,North,148,707731,1,0,low
2019-10-01,Mazda,Northeast,122,704814,0,0,low
2019-10-01,Mazda,South,123,714476,0,0,medium
2019-11-01,Toyota,Bangkok,694,754765,0,0,low
2019-11-01,Toyota,Central,593,713267,1,0,low
2019-11-01,Toyota,North,471,746967,0,0,high
2019-11-01,Toyota,Northeast,479,763693,1,0,low
2019-11-01,Toyota,South,520,750069,1,0,medium
2019-11-01,Honda,Bangkok,580,665524,1,0,low
2019-11-01,Honda,Central,484,667149,1,0,high
2019-11-01,Honda,North,322,692920,0,0,low
2019-11-01,Honda,Northeast,336,680472,1,0,medium
2019-11-01,Honda,South,276,686834,0,0,high
2019-11-01,Isuzu,Bangkok,659,788257,0,0,medium
2019-11-01,Isuzu,Central,491,839241,1,0,medium
2019-11-01,Isuzu,North,379,853694,0,0,medium
2019-11-01,Isuzu,Northeast,365,841891,1,0,low
2019-11-01,Isuzu,South,339,796691,0,0,low
2019-11-01,Ford,Bangkok,280,700322,0,0,low
2019-11-01,Ford,Central,217,723637,0,0,low
2019-11-01,Ford,North,195,689747,0,0,low
2019-11-01,Ford,Northeast,164,719844,0,0,high
2019-11-01,Ford,South,165,741615,0,0,low
2019-11-01,Mazda,Bangkok,225,673100,0,0,medium
2019-11-01,Mazda,Central,160,711910,0,0,low
2019-11-01,Mazda,North,136,692893,0,0,low
2019-11-01,Mazda,Northeast,103,690349,0,0,low
2019-11-01,Mazda,South,131,660678,1,0,low
2019-12-01,Toyota,Bangkok,1047,742797,0,1,high
2019-12-01,Toyota,Central,861,797335,1,1,high
2019-12-01,Toyota,North,763,786050,1,1,low
2019-12-01,Toyota,Northeast,690,768226,1,1,low
2019-12-01,Toyota,South,609,732868,0,1,low
2019-12-01,Honda,Bangkok,646,651184,0,1,low
2019-12-01,Honda,Central,552,682427,1,1,medium
2019-12-01,Honda,North,458,656870,1,1,low
2019-12-01,Honda,Northeast,442,626168,1,1,low
2019-12-01,Honda,South,388,680306,0,1,low
2019-12-01,Isuzu,Bangkok,874,825321,0,1,low
2019-12-01,Isuzu,Central,617,858070,0,1,high
2019-12-01,Isuzu,North,568,824728,1,1,low
2019-12-01,Isuzu,Northeast,543,801741,1,1,medium
2019-12-01,Isuzu,South,472,786754,0,1,high
2019-12-01,Ford,Bangkok,405,714216,0,1,low
2019-12-01,Ford,Central,299,696227,0,1,low
2019-12-01,Ford,North,317,697741,1,1,low
2019-12-01,Ford,Northeast,264,701084,1,1,low
2019-12-01,Ford,South,214,687446,0,1,low
2019-12-01,Mazda,Bangkok,299,719248,0,1,low
2019-12-01,Mazda,Central,212,722666,0,1,medium
2019-12-01,Mazda,North,195,685098,0,1,low
2019-12-01,Mazda,Northeast,170,702832,0,1,low
2019-12-01,Mazda,South,179,686774,1,1,high
2020-01-01,Toyota,Bangkok,764,713407,0,0,medium
2020-01-01,Toyota,Central,725,736103,1,0,low
2020-01-01,Toyota,North,474,748131,0,0,low
2020-01-01,Toyota,Northeast,448,758349,0,0,low
2020-01-01,Toyota,South,438,757466,0,0,low
2020-01-01,Honda,Bangkok,512,683203,0,0,medium
2020-01-01,Honda,Central,434,668144,0,0,high
2020-01-01,Honda,North,344,691670,0,0,high
2020-01-01,Honda,Northeast,304,654636,0,0,medium
2020-01-01,Honda,South,381,703975,1,0,low
2020-01-01,Isuzu,Bangkok,611,858431,0,0,low
2020-01-01,Isuzu,Central,573,814896,1,0,low
2020-01-01,Isuzu,North,376,793328,0,0,medium
2020-01-01,Isuzu,Northeast,346,798525,0,0,low
2020-01-01,Isuzu,South,332,828339,0,0,low
2020-01-01,Ford,Bangkok,281,666331,0,0,medium
2020-01-01,Ford,Central,241,712342,0,0,low
2020-01-01,Ford,North,201,666828,0,0,low
2020-01-01,Ford,Northeast,167,687448,0,0,high
2020-01-01,Ford,South,182,700684,1,0,low
2020-01-01,Mazda,Bangkok,267,686079,1,0,low
2020-01-01,Mazda,Central,163,731056,0,0,medium
2020-01-01,Mazda,North,140,709828,0,0,low
2020-01-01,Mazda,Northeast,142,681608,0,0,low
2020-01-01,Mazda,South,134,662561,0,0,low
2020-02-01,Toyota,Bangkok,626,759987,0,0,low
2020-02-01,Toyota,Central,579,765966,1,0,low
2020-02-01,Toyota,North,400,771548,0,0,medium
2020-02-01,Toyota,Northeast,345,759509,0,0,high
2020-02-01,Toyota,South,353,712501,0,0,low
2020-02-01,Honda,Bangkok,537,627809,1,0,low
2020-02-01,Honda,Central,336,659126,0,0,low
2020-02-01,Honda,North,355,696739,1,0,medium
2020-02-01,Honda,Northeast,239,655555,0,0,medium
2020-02-01,Honda,South,249,656836,0,0,high
2020-02-01,Isuzu,Bangkok,557,777685,0,0,medium
2020-02-01,Isuzu,Central,513,829424,1,0,low
2020-02-01,Isuzu,North,340,822590,0,0,low
2020-02-01,Isuzu,Northeast,264,839506,0,0,medium
2020-02-01,Isuzu,South,293,796478,0,0,medium
2020-02-01,Ford,Bangkok,272,720906,0,0,low
2020-02-01,Ford,Central,214,719407,0,0,high
2020-02-01,Ford,North,159,711340,0,0,low
2020-02-01,Ford,Northeast,155,719688,0,0,medium
2020-02-01,Ford,South,125,698427,0,0,low
2020-02-01,Mazda,Bangkok,183,719899,0,0,low
2020-02-01,Mazda,Central,150,699414,0,0,low
2020-02-01,Mazda,North,124,717316,0,0,high
2020-02-01,Mazda,Northeast,140,690826,1,0,high
2020-02-01,Mazda,South,128,718705,1,0,low
2020-03-01,Toyota,Bangkok,962,727227,1,1,high
2020-03-01,Toyota,Central,677,767372,0,1,medium
2020-03-01,Toyota,North,578,735605,0,1,low
2020-03-01,Toyota,Northeast,550,715910,0,1,low
2020-03-01,Toyota,South,491,746590,0,1,medium
2020-03-01,Honda,Bangkok,696,666588,0,1,low
2020-03-01,Honda,Central,585,676868,1,1,medium
2020-03-01,Honda,North,374,690627,0,1,low
2020-03-01,Honda,Northeast,352,669228,0,1,low
2020-03-01,Honda,South,330,681580,0,1,high
2020-03-01,Isuzu,Bangkok,900,804911,1,1,medium
2020-03-01,Isuzu,Central,526,779133,0,1,low
2020-03-01,Isuzu,North,474,816850,1,1,low
2020-03-01,Isuzu,Northeast,412,829740,0,1,low
2020-03-01,Isuzu,South,469,824568,1,1,low
2020-03-01,Ford,Bangkok,391,726202,0,1,low
2020-03-01,Ford,Central,347,721287,1,1,medium
2020-03-01,Ford,North,239,667733,0,1,high
2020-03-01,Ford,Northeast,202,705812,0,1,medium
2020-03-01,Ford,South,194,735603,0,1,low
2020-03-01,Mazda,Bangkok,263,656392,0,1,high
2020-03-01,Mazda,Central,206,698703,0,1,medium
2020-03-01,Mazda,North,164,687082,0,1,medium
2020-03-01,Mazda,Northeast,138,680912,0,1,low
2020-03-01,Mazda,South,153,688204,0,1,medium
2020-04-01,Toyota,Bangkok,923,728102,0,1,low
2020-04-01,Toyota,Central,812,762778,1,1,low
2020-04-01,Toyota,North,623,730413,1,1,low
2020-04-01,Toyota,Northeast,637,743231,1,1,medium
2020-04-01,Toyota,South,515,760181,0,1,medium
2020-04-01,Honda,Bangkok,564,684218,0,1,medium
2020-04-01,Honda,Central,488,714923,0,1,low
2020-04-01,Honda,North,399,695635,0,1,medium
2020-04-01,Honda,Northeast,369,674499,0,1,medium
2020-04-01,Honda,South,397,664687,0,1,low
2020-04-01,Isuzu,Bangkok,636,769925,0,1,medium
2020-04-01,Isuzu,Central,537,776371,0,1,low
2020-04-01,Isuzu,North,434,820100,0,1,low
2020-04-01,Isuzu,Northeast,408,810747,0,1,low
2020-04-01,Isuzu,South,385,807887,0,1,low
2020-04-01,Ford,Bangkok,418,678183,1,1,high
2020-04-01,Ford,Central,265,706929,0,1,low
2020-04-01,Ford,North,227,665145,0,1,medium
2020-04-01,Ford,Northeast,213,690197,0,1,medium
2020-04-01,Ford,South,187,671369,0,1,medium
2020-04-01,Mazda,Bangkok,281,645696,0,1,medium
2020-04-01,Mazda,Central,244,707532,1,1,medium
2020-04-01,Mazda,North,165,722931,0,1,medium
2020-04-01,Mazda,Northeast,163,701069,1,1,medium
2020-04-01,Mazda,South,174,726114,1,1,low
2020-05-01,Toyota,Bangkok,781,759561,1,0,low
2020-05-01,Toyota,Central,628,715637,1,0,medium
2020-05-01,Toyota,North,506,736659,1,0,low
2020-05-01,Toyota,Northeast,457,760013,1,0,medium
2020-05-01,Toyota,South,427,697560,0,0,medium
2020-05-01,Honda,Bangkok,484,653537,0,0,low
2020-05-01,Honda,Central,392,725271,0,0,low
2020-05-01,Honda,North,304,663895,0,0,low
2020-05-01,Honda,Northeast,268,653797,0,0,high
2020-05-01,Honda,South,266,685295,1,0,low
2020-05-01,Isuzu,Bangkok,551,801181,0,0,medium
2020-05-01,Isuzu,Central,406,840620,0,0,low
2020-05-01,Isuzu,North,382,823247,0,0,medium
2020-05-01,Isuzu,Northeast,276,815403,0,0,medium
2020-05-01,Isuzu,South,322,812678,0,0,high
2020-05-01,Ford,Bangkok,273,685337,0,0,medium
2020-05-01,Ford,Central,213,719754,0,0,medium
2020-05-01,Ford,North,179,688245,0,0,low
2020-05-01,Ford,Northeast,155,728269,0,0,high
2020-05-01,Ford,South,147,685536,0,0,low
2020-05-01,Mazda,Bangkok,205,677215,0,0,low
2020-05-01,Mazda,Central,175,710037,0,0,low
2020-05-01,Mazda,North,151,733679,1,0,low
2020-05-01,Mazda,Northeast,120,721319,0,0,low
2020-05-01,Mazda,South,128,698583,0,0,medium
2020-06-01,Toyota,Bangkok,623,751289,0,0,medium
2020-06-01,Toyota,Central,503,761898,0,0,low
2020-06-01,Toyota,North,439,754904,0,0,medium
2020-06-01,Toyota,Northeast,400,756988,0,0,medium
2020-06-01,Toyota,South,380,722614,0,0,medium
2020-06-01,Honda,Bangkok,451,659435,0,0,low
2020-06-01,Honda,Central,445,676802,1,0,medium
2020-06-01,Honda,North,351,670221,1,0,low
2020-06-01,Honda,Northeast,285,692174,0,0,low
2020-06-01,Honda,South,269,678922,0,0,medium
2020-06-01,Isuzu,Bangkok,509,805004,0,0,medium
2020-06-01,Isuzu,Central,439,835199,1,0,medium
2020-06-01,Isuzu,North,359,838684,0,0,low
2020-06-01,Isuzu,Northeast,332,855294,1,0,low
2020-06-01,Isuzu,South,345,832091,1,0,medium
2020-06-01,Ford,Bangkok,285,724457,1,0,high
2020-06-01,Ford,Central,218,693862,0,0,high
2020-06-01,Ford,North,167,713537,0,0,medium
2020-06-01,Ford,Northeast,188,682963,1,0,medium
2020-06-01,Ford,South,152,689420,0,0,low
2020-06-01,Mazda,Bangkok,247,677630,1,0,medium
2020-06-01,Mazda,Central,146,704321,0,0,low
2020-06-01,Mazda,North,139,703035,0,0,low
2020-06-01,Mazda,Northeast,122,731815,0,0,medium
2020-06-01,Mazda,South,126,726323,0,0,high
2020-07-01,Toyota,Bangkok,724,738926,0,0,low
2020-07-01,Toyota,Central,617,753581,1,0,high
2020-07-01,Toyota,North,384,753176,0,0,high
2020-07-01,Toyota,Northeast,399,762359,0,0,medium
2020-07-01,Toyota,South,372,735305,0,0,medium
2020-07-01,Honda,Bangkok,474,676728,0,0,low
2020-07-01,Honda,Central,384,701984,0,0,medium
2020-07-01,Honda,North,301,659151,0,0,medium
2020-07-01,Honda,Northeast,294,717126,1,0,medium
2020-07-01,Honda,South,270,707149,0,0,medium
2020-07-01,Isuzu,Bangkok,493,895323,0,0,low
2020-07-01,Isuzu,Central,426,833254,1,0,high
2020-07-01,Isuzu,North,301,847377,0,0,low
2020-07-01,Isuzu,Northeast,327,816334,1,0,medium
2020-07-01,Isuzu,South,305,839659,0,0,low
2020-07-01,Ford,Bangkok,259,704449,0,0,medium
2020-07-01,Ford,Central,209,701570,0,0,low
2020-07-01,Ford,North,166,689822,0,0,low
2020-07-01,Ford,Northeast,152,706477,0,0,high
2020-07-01,Ford,South,165,696268,1,0,low
2020-07-01,Mazda,Bangkok,202,685220,1,0,low
2020-07-01,Mazda,Central,159,680419,1,0,medium
2020-07-01,Mazda,North,118,674243,0,0,low
2020-07-01,Mazda,Northeast,121,666431,0,0,low
2020-07-01,Mazda,South,126,696873,1,0,low
2020-08-01,Toyota,Bangkok,599,746622,0,0,medium
2020-08-01,Toyota,Central,539,726082,0,0,medium
2020-08-01,Toyota,North,457,767580,1,0,low
2020-08-01,Toyota,Northeast,394,741139,1,0,medium
2020-08-01,Toyota,South,413,697755,1,0,medium
2020-08-01,Honda,Bangkok,506,693906,0,0,high
2020-08-01,Honda,Central,399,682791,0,0,high
2020-08-01,Honda,North,283,669812,0,0,low
2020-08-01,Honda,Northeast,216,650033,0,0,medium
2020-08-01,Honda,South,266,701510,0,0,low
2020-08-01,Isuzu,Bangkok,525,828485,0,0,low
2020-08-01,Isuzu,Central,432,789124,0,0,medium
2020-08-01,Isuzu,North,322,836253,0,0,medium
2020-08-01,Isuzu,Northeast,292,829891,0,0,medium
2020-08-01,Isuzu,South,336,802409,1,0,low
2020-08-01,Ford,Bangkok,276,695992,0,0,high
2020-08-01,Ford,Central,208,679082,0,0,medium
2020-08-01,Ford,North,175,682257,0,0,medium
2020-08-01,Ford,Northeast,159,679465,0,0,low
2020-08-01,Ford,South,174,711317,1,0,low
2020-08-01,Mazda,Bangkok,237,697766,1,0,medium
2020-08-01,Mazda,Central,158,665493,0,0,low
2020-08-01,Mazda,North,157,689434,1,0,low
2020-08-01,Mazda,Northeast,111,674829,0,0,high
2020-08-01,Mazda,South,127,685740,0,0,low
2020-09-01,Toyota,Bangkok,715,718477,0,0,high
2020-09-01,Toyota,Central,538,741779,0,0,low
2020-09-01,Toyota,North,456,725024,1,0,medium
2020-09-01,Toyota,Northeast,366,769951,0,0,medium
2020-09-01,Toyota,South,422,738476,1,0,low
2020-09-01,Honda,Bangkok,406,673849,0,0,low
2020-09-01,Honda,Central,357,661772,0,0,low
2020-09-01,Honda,North,355,670061,1,0,low
2020-09-01,Honda,Northeast,261,670896,0,0,low
2020-09-01,Honda,South,267,682322,0,0,low
2020-09-01,Isuzu,Bangkok,643,823390,1,0,low
2020-09-01,Isuzu,Central,414,824817,0,0,low
2020-09-01,Isuzu,North,306,848213,0,0,medium
2020-09-01,Isuzu,Northeast,298,833121,0,0,low
2020-09-01,Isuzu,South,310,845544,0,0,medium
2020-09-01,Ford,Bangkok,239,673133,0,0,low
2020-09-01,Ford,Central,191,673721,0,0,medium
2020-09-01,Ford,North,160,675751,0,0,high
2020-09-01,Ford,Northeast,157,706266,1,0,high
2020-09-01,Ford,South,131,700207,0,0,low
2020-09-01,Mazda,Bangkok,201,706891,0,0,medium
2020-09-01,Mazda,Central,156,704469,0,0,low
2020-09-01,Mazda,North,147,666869,1,0,low
2020-09-01,Mazda,Northeast,108,702294,0,0,medium
2020-09-01,Mazda,South,106,679799,0,0,low
2020-10-01,Toyota,Bangkok,715,788535,0,0,low
2020-10-01,Toyota,Central,580,713442,0,0,low
2020-10-01,Toyota,North,525,727305,1,0,high
2020-10-01,Toyota,Northeast,424,778157,0,0,high
2020-10-01,Toyota,South,449,768222,0,0,high
2020-10-01,Honda,Bangkok,508,690329,0,0,low
2020-10-01,Honda,Central,364,678018,0,0,high
2020-10-01,Honda,North,368,666139,1,0,medium
2020-10-01,Honda,Northeast,333,722447,1,0,low
2020-10-01,Honda,South,290,691877,1,0,high
2020-10-01,Isuzu,Bangkok,562,831086,0,0,low
2020-10-01,Isuzu,Central,514,812579,1,0,low
2020-10-01,Isuzu,North,382,836068,1,0,medium
2020-10-01,Isuzu,Northeast,331,830661,0,0,low
2020-10-01,Isuzu,South,345,807242,0,0,low
2020-10-01,Ford,Bangkok,323,682121,1,0,low
2020-10-01,Ford,Central,214,672671,0,0,medium
2020-10-01,Ford,North,172,653037,0,0,low
2020-10-01,Ford,Northeast,164,741100,0,0,low
2020-10-01,Ford,South,150,693439,0,0,medium
2020-10-01,Mazda,Bangkok,233,700331,0,0,low
2020-10-01,Mazda,Central,169,671224,0,0,high
2020-10-01,Mazda,North,134,676953,0,0,medium
2020-10-01,Mazda,Northeast,123,698851,0,0,medium
2020-10-01,Mazda,South,117,684021,0,0,low
2020-11-01,Toyota,Bangkok,794,778948,0,0,low
2020-11-01,Toyota,Central,570,742133,0,0,medium
2020-11-01,Toyota,North,509,743424,1,0,high
2020-11-01,Toyota,Northeast,424,714532,0,0,medium
2020-11-01,Toyota,South,433,744241,0,0,high
2020-11-01,Honda,Bangkok,562,709160,0,0,low
2020-11-01,Honda,Central,457,687159,0,0,low
2020-11-01,Honda,North,328,685590,0,0,medium
2020-11-01,Honda,Northeast,292,703758,0,0,low
2020-11-01,Honda,South,308,670345,0,0,low
2020-11-01,Isuzu,Bangkok,618,776590,0,0,low
2020-11-01,Isuzu,Central,585,802973,1,0,low
2020-11-01,Isuzu,North,412,808331,0,0,low
2020-11-01,Isuzu,Northeast,340,811725,0,0,medium
2020-11-01,Isuzu,South,348,791664,0,0,low
2020-11-01,Ford,Bangkok,256,726487,0,0,low
2020-11-01,Ford,Central,292,690004,1,0,high
2020-11-01,Ford,North,208,695280,1,0,low
2020-11-01,Ford,Northeast,158,707231,0,0,low
2020-11-01,Ford,South,190,689347,1,0,high
2020-11-01,Mazda,Bangkok,214,687801,0,0,low
2020-11-01,Mazda,Central,171,688312,0,0,medium
2020-11-01,Mazda,North,158,710795,1,0,low
2020-11-01,Mazda,Northeast,129,688460,0,0,medium
2020-11-01,Mazda,South,119,709342,0,0,high
2020-12-01,Toyota,Bangkok,957,751573,0,1,low
2020-12-01,Toyota,Central,753,764738,0,1,low
2020-12-01,Toyota,North,563,736274,0,1,high
2020-12-01,Toyota,Northeast,680,732561,1,1,low
2020-12-01,Toyota,South,502,734801,0,1,low
2020-12-01,Honda,Bangkok,706,655804,0,1,medium
2020-12-01,Honda,Central,541,676538,0,1,low
2020-12-01,Honda,North,493,662352,0,1,low
2020-12-01,Honda,Northeast,500,662466,1,1,low
2020-12-01,Honda,South,410,673358,0,1,high
2020-12-01,Isuzu,Bangkok,773,784867,0,1,low
2020-12-01,Isuzu,Central,644,843935,0,1,medium
2020-12-01,Isuzu,North,526,802881,0,1,low
2020-12-01,Isuzu,Northeast,444,814924,0,1,high
2020-12-01,Isuzu,South,541,847439,1,1,medium
2020-12-01,Ford,Bangkok,391,661654,0,1,medium
2020-12-01,Ford,Central,278,683525,0,1,medium
2020-12-01,Ford,North,270,711399,0,1,medium
2020-12-01,Ford,Northeast,236,684790,0,1,low
2020-12-01,Ford,South,221,718789,0,1,medium
2020-12-01,Mazda,Bangkok,327,708988,0,1,medium
2020-12-01,Mazda,Central,247,674146,0,1,low
2020-12-01,Mazda,North,198,662753,0,1,medium
2020-12-01,Mazda,Northeast,208,696736,1,1,low
2020-12-01,Mazda,South,167,646222,0,1,high
2021-01-01,Toyota,Bangkok,764,749491,0,0,low
2021-01-01,Toyota,Central,614,743864,0,0,low
2021-01-01,Toyota,North,484,730419,0,0,medium
2021-01-01,Toyota,Northeast,488,793900,0,0,medium
2021-01-01,Toyota,South,518,732049,1,0,low
2021-01-01,Honda,Bangkok,510,674296,0,0,medium
2021-01-01,Honda,Central,477,684994,0,0,high
2021-01-01,Honda,North,375,703678,0,0,high
2021-01-01,Honda,Northeast,323,656791,0,0,medium
2021-01-01,Honda,South,333,654589,0,0,medium
2021-01-01,Isuzu,Bangkok,594,827063,0,0,low
2021-01-01,Isuzu,Central,478,826807,0,0,low
2021-01-01,Isuzu,North,369,801356,0,0,low
2021-01-01,Isuzu,Northeast,369,888043,0,0,low
2021-01-01,Isuzu,South,386,780915,0,0,low
2021-01-01,Ford,Bangkok,352,686999,1,0,low
2021-01-01,Ford,Central,281,705769,1,0,medium
2021-01-01,Ford,North,193,721307,0,0,low
2021-01-01,Ford,Northeast,190,723978,0,0,low
2021-01-01,Ford,South,193,706859,1,0,medium
2021-01-01,Mazda,Bangkok,248,706968,0,0,high
2021-01-01,Mazda,Central,191,719796,0,0,low
2021-01-01,Mazda,North,168,654021,1,0,medium
2021-01-01,Mazda,Northeast,131,685028,0,0,high
2021-01-01,Mazda,South,177,676706,1,0,medium
2021-02-01,Toyota,Bangkok,804,801264,1,0,low
2021-02-01,Toyota,Central,573,749561,0,0,low
2021-02-01,Toyota,North,440,755373,0,0,medium
2021-02-01,Toyota,Northeast,355,780738,0,0,medium
2021-02-01,Toyota,South,386,729294,0,0,medium
2021-02-01,Honda,Bangkok,446,676826,0,0,medium
2021-02-01,Honda,Central,385,656033,0,0,low
2021-02-01,Honda,North,254,655959,0,0,high
2021-02-01,Honda,Northeast,264,660032,0,0,high
2021-02-01,Honda,South,258,669915,0,0,medium
2021-02-01,Isuzu,Bangkok,526,803124,1,0,low
2021-02-01,Isuzu,Central,465,843614,1,0,low
2021-02-01,Isuzu,North,375,800829,0,0,low
2021-02-01,Isuzu,Northeast,301,832567,0,0,high
2021-02-01,Isuzu,South,393,806659,1,0,medium
2021-02-01,Ford,Bangkok,248,692406,0,0,low
2021-02-01,Ford,Central,224,714205,1,0,low
2021-02-01,Ford,North,177,705354,0,0,medium
2021-02-01,Ford,Northeast,150,729205,0,0,low
2021-02-01,Ford,South,147,716882,0,0,low
2021-02-01,Mazda,Bangkok,222,666208,1,0,medium
2021-02-01,Mazda,Central,189,696564,1,0,low
2021-02-01,Mazda,North,134,698973,0,0,medium
2021-02-01,Mazda,Northeast,115,673159,0,0,low
2021-02-01,Mazda,South,129,701007,0,0,high
2021-03-01,Toyota,Bangkok,989,748123,0,1,high
2021-03-01,Toyota,Central,796,768996,1,1,low
2021-03-01,Toyota,North,543,784409,0,1,low
2021-03-01,Toyota,Northeast,515,768167,0,1,low
2021-03-01,Toyota,South,532,777187,0,1,low
2021-03-01,Honda,Bangkok,688,684344,0,1,medium
2021-03-01,Honda,Central,456,715633,0,1,high
2021-03-01,Honda,North,378,690308,0,1,medium
2021-03-01,Honda,Northeast,396,691306,0,1,medium
2021-03-01,Honda,South,405,684793,1,1,low
2021-03-01,Isuzu,Bangkok,814,806515,1,1,low
2021-03-01,Isuzu,Central,672,758537,1,1,low
2021-03-01,Isuzu,North,464,824652,0,1,medium
2021-03-01,Isuzu,Northeast,484,801929,1,1,medium
2021-03-01,Isuzu,South,431,821693,0,1,low
2021-03-01,Ford,Bangkok,473,712524,1,1,low
2021-03-01,Ford,Central,278,717240,0,1,low
2021-03-01,Ford,North,243,702511,1,1,low
2021-03-01,Ford,Northeast,212,702751,0,1,low
2021-03-01,Ford,South,199,702143,0,1,low
2021-03-01,Mazda,Bangkok,255,726642,0,1,low
2021-03-01,Mazda,Central,216,700503,0,1,medium
2021-03-01,Mazda,North,161,678281,0,1,low
2021-03-01,Mazda,Northeast,186,711531,1,1,medium
2021-03-01,Mazda,South,148,662837,0,1,medium
2021-04-01,Toyota,Bangkok,924,742163,0,1,medium
2021-04-01,Toyota,Central,736,711701,1,1,high
2021-04-01,Toyota,North,639,774252,1,1,medium
2021-04-01,Toyota,Northeast,549,756366,0,1,medium
2021-04-01,Toyota,South,517,741759,0,1,low
2021-04-01,Honda,Bangkok,544,702523,0,1,medium
2021-04-01,Honda,Central,505,663100,0,1,low
2021-04-01,Honda,North,502,656157,1,1,low
2021-04-01,Honda,Northeast,383,644656,0,1,medium
2021-04-01,Honda,South,476,652292,1,1,medium
2021-04-01,Isuzu,Bangkok,885,804647,1,1,medium
2021-04-01,Isuzu,Central,584,863754,0,1,medium
2021-04-01,Isuzu,North,454,880061,0,1,low
2021-04-01,Isuzu,Northeast,454,783733,0,1,medium
2021-04-01,Isuzu,South,410,814393,0,1,low
2021-04-01,Ford,Bangkok,360,692437,0,1,high
2021-04-01,Ford,Central,307,698701,1,1,medium
2021-04-01,Ford,North,238,647272,0,1,high
2021-04-01,Ford,Northeast,249,703881,1,1,medium
2021-04-01,Ford,South,224,690786,0,1,high
2021-04-01,Mazda,Bangkok,260,673646,0,1,low
2021-04-01,Mazda,Central,250,652019,1,1,medium
2021-04-01,Mazda,North,165,694140,0,1,low
2021-04-01,Mazda,Northeast,161,691948,1,1,low
2021-04-01,Mazda,South,166,714479,0,1,medium
2021-05-01,Toyota,Bangkok,700,772486,0,0,medium
2021-05-01,Toyota,Central,569,754476,0,0,high
2021-05-01,Toyota,North,470,741811,0,0,low
2021-05-01,Toyota,Northeast,455,760145,1,0,low
2021-05-01,Toyota,South,463,775888,1,0,medium
2021-05-01,Honda,Bangkok,594,696030,1,0,low
2021-05-01,Honda,Central,400,683825,0,0,low
2021-05-01,Honda,North,331,701510,0,0,high
2021-05-01,Honda,Northeast,288,663242,0,0,medium
2021-05-01,Honda,South,282,650197,0,0,low
2021-05-01,Isuzu,Bangkok,607,838796,0,0,low
2021-05-01,Isuzu,Central,420,804298,0,0,medium
2021-05-01,Isuzu,North,391,802958,0,0,high
2021-05-01,Isuzu,Northeast,293,791538,0,0,low
2021-05-01,Isuzu,South,316,808830,0,0,low
2021-05-01,Ford,Bangkok,275,715062,0,0,high
2021-05-01,Ford,Central,214,708887,0,0,medium
2021-05-01,Ford,North,168,725825,0,0,medium
2021-05-01,Ford,Northeast,151,700611,0,0,low
2021-05-01,Ford,South,159,707153,0,0,medium
2021-05-01,Mazda,Bangkok,221,681176,0,0,low
2021-05-01,Mazda,Central,174,713830,0,0,low
2021-05-01,Mazda,North,134,727394,0,0,medium
2021-05-01,Mazda,Northeast,123,683083,0,0,medium
2021-05-01,Mazda,South,139,727395,1,0,medium
2021-06-01,Toyota,Bangkok,698,758501,0,0,medium
2021-06-01,Toyota,Central,634,771089,1,0,medium
2021-06-01,Toyota,North,448,763685,0,0,low
2021-06-01,Toyota,Northeast,391,754214,0,0,medium
2021-06-01,Toyota,South,413,733582,0,0,low
2021-06-01,Honda,Bangkok,550,674610,1,0,high
2021-06-01,Honda,Central,344,654432,0,0,medium
2021-06-01,Honda,North,307,701376,0,0,medium
2021-06-01,Honda,Northeast,318,668539,1,0,medium
2021-06-01,Honda,South,295,672208,0,0,low
2021-06-01,Isuzu,Bangkok,513,864950,0,0,low
2021-06-01,Isuzu,Central,431,860620,0,0,low
2021-06-01,Isuzu,North,351,820518,0,0,high
2021-06-01,Isuzu,Northeast,285,809947,0,0,low
2021-06-01,Isuzu,South,321,836717,0,0,low
2021-06-01,Ford,Bangkok,316,693943,1,0,high
2021-06-01,Ford,Central,214,678121,0,0,low
2021-06-01,Ford,North,190,716956,0,0,low
2021-06-01,Ford,Northeast,178,690470,1,0,medium
2021-06-01,Ford,South,173,687286,0,0,medium
2021-06-01,Mazda,Bangkok,202,721137,0,0,high
2021-06-01,Mazda,Central,163,656350,0,0,high
2021-06-01,Mazda,North,133,678352,0,0,low
2021-06-01,Mazda,Northeast,123,679295,1,0,medium
2021-06-01,Mazda,South,109,673650,0,0,low
2021-07-01,Toyota,Bangkok,778,720169,1,0,low
2021-07-01,Toyota,Central,553,743219,0,0,high
2021-07-01,Toyota,North,410,742980,0,0,high
2021-07-01,Toyota,Northeast,411,726183,1,0,low
2021-07-01,Toyota,South,428,756494,1,0,medium
2021-07-01,Honda,Bangkok,553,670456,1,0,medium
2021-07-01,Honda,Central,417,684495,1,0,high
2021-07-01,Honda,North,378,681400,1,0,high
2021-07-01,Honda,Northeast,256,661825,0,0,low
2021-07-01,Honda,South,282,634441,0,0,low
2021-07-01,Isuzu,Bangkok,517,797909,0,0,medium
2021-07-01,Isuzu,Central,439,851992,0,0,low
2021-07-01,Isuzu,North,338,801740,0,0,low
2021-07-01,Isuzu,Northeast,348,830137,1,0,low
2021-07-01,Isuzu,South,362,816700,1,0,low
2021-07-01,Ford,Bangkok,288,688124,0,0,low
2021-07-01,Ford,Central,205,693049,0,0,high
2021-07-01,Ford,North,174,718098,0,0,medium
2021-07-01,Ford,Northeast,162,676732,1,0,medium
2021-07-01,Ford,South,155,677228,0,0,medium
2021-07-01,Mazda,Bangkok,196,683020,0,0,low
2021-07-01,Mazda,Central,168,724649,0,0,medium
2021-07-01,Mazda,North,125,701046,0,0,low
2021-07-01,Mazda,Northeast,112,706582,0,0,medium
2021-07-01,Mazda,South,122,713744,1,0,low
2021-08-01,Toyota,Bangkok,665,718872,0,0,low
2021-08-01,Toyota,Central,603,744059,1,0,high
2021-08-01,Toyota,North,477,748977,1,0,low
2021-08-01,Toyota,Northeast,409,731839,0,0,medium
2021-08-01,Toyota,South,430,804319,0,0,low
2021-08-01,Honda,Bangkok,547,692152,1,0,low
2021-08-01,Honda,Central,388,677227,0,0,medium
2021-08-01,Honda,North,306,645934,0,0,low
2021-08-01,Honda,Northeast,273,696055,0,0,low
2021-08-01,Honda,South,266,620842,0,0,low
2021-08-01,Isuzu,Bangkok,602,829791,0,0,medium
2021-08-01,Isuzu,Central,463,814611,0,0,low
2021-08-01,Isuzu,North,358,834056,0,0,medium
2021-08-01,Isuzu,Northeast,309,846904,0,0,low
2021-08-01,Isuzu,South,304,867723,0,0,medium
2021-08-01,Ford,Bangkok,257,710246,0,0,medium
2021-08-01,Ford,Central,208,680456,0,0,medium
2021-08-01,Ford,North,168,645643,0,0,high
2021-08-01,Ford,Northeast,148,717806,0,0,low
2021-08-01,Ford,South,189,675063,1,0,medium
2021-08-01,Mazda,Bangkok,212,675083,0,0,medium
2021-08-01,Mazda,Central,144,707889,0,0,medium
2021-08-01,Mazda,North,162,678623,1,0,medium
2021-08-01,Mazda,Northeast,126,688193,0,0,low
2021-08-01,Mazda,South,118,687013,0,0,medium
2021-09-01,Toyota,Bangkok,696,744339,1,0,medium
2021-09-01,Toyota,Central,477,761712,0,0,low
2021-09-01,Toyota,North,500,707773,1,0,high
2021-09-01,Toyota,Northeast,386,748111,0,0,medium
2021-09-01,Toyota,South,335,754349,0,0,low
2021-09-01,Honda,Bangkok,447,665621,0,0,medium
2021-09-01,Honda,Central,334,687071,0,0,low
2021-09-01,Honda,North,295,682531,0,0,medium
2021-09-01,Honda,Northeast,320,710764,1,0,medium
2021-09-01,Honda,South,228,687266,0,0,medium
2021-09-01,Isuzu,Bangkok,581,832469,1,0,low
2021-09-01,Isuzu,Central,391,867538,0,0,low
2021-09-01,Isuzu,North,346,815210,0,0,high
2021-09-01,Isuzu,Northeast,319,798873,0,0,low
2021-09-01,Isuzu,South,309,814285,0,0,low
2021-09-01,Ford,Bangkok,259,735797,0,0,low
2021-09-01,Ford,Central,234,707918,0,0,low
2021-09-01,Ford,North,160,697338,0,0,low
2021-09-01,Ford,Northeast,142,687192,0,0,medium
2021-09-01,Ford,South,150,685841,0,0,low
2021-09-01,Mazda,Bangkok,241,685599,1,0,low
2021-09-01,Mazda,Central,153,678572,0,0,medium
2021-09-01,Mazda,North,116,666771,0,0,low
2021-09-01,Mazda,Northeast,113,683238,0,0,high
2021-09-01,Mazda,South,113,711033,0,0,medium
2021-10-01,Toyota,Bangkok,688,798340,0,0,low
2021-10-01,Toyota,Central,532,724015,0,0,high
2021-10-01,Toyota,North,559,749315,1,0,medium
2021-10-01,Toyota,Northeast,392,722321,0,0,high
2021-10-01,Toyota,South,388,750779,0,0,low
2021-10-01,Honda,Bangkok,545,646689,0,0,low
2021-10-01,Honda,Central,398,694479,0,0,low
2021-10-01,Honda,North,314,709102,0,0,high
2021-10-01,Honda,Northeast,292,696505,0,0,low
2021-10-01,Honda,South,301,702998,0,0,low
2021-10-01,Isuzu,Bangkok,655,859847,1,0,low
2021-10-01,Isuzu,Central,449,813951,0,0,low
2021-10-01,Isuzu,North,418,811103,1,0,medium
2021-10-01,Isuzu,Northeast,321,821221,0,0,low
2021-10-01,Isuzu,South,330,821607,0,0,low
2021-10-01,Ford,Bangkok,284,715966,0,0,medium
2021-10-01,Ford,Central,262,708765,1,0,low
2021-10-01,Ford,North,174,674406,0,0,medium
2021-10-01,Ford,Northeast,170,717035,0,0,low
2021-10-01,Ford,South,154,677123,0,0,high
2021-10-01,Mazda,Bangkok,231,679791,0,0,low
2021-10-01,Mazda,Central,162,667346,0,0,medium
2021-10-01,Mazda,North,129,733816,0,0,medium
2021-10-01,Mazda,Northeast,140,683364,1,0,low
2021-10-01,Mazda,South,132,655191,1,0,low
2021-11-01,Toyota,Bangkok,833,772500,0,0,low
2021-11-01,Toyota,Central,599,691034,0,0,low
2021-11-01,Toyota,North,478,752216,0,0,low
2021-11-01,Toyota,Northeast,434,688952,0,0,high
2021-11-01,Toyota,South,467,758296,0,0,high
2021-11-01,Honda,Bangkok,454,669495,0,0,high
2021-11-01,Honda,Central,397,679295,0,0,medium
2021-11-01,Honda,North,335,686503,0,0,medium
2021-11-01,Honda,Northeast,268,682291,0,0,low
2021-11-01,Honda,South,285,667680,0,0,low
2021-11-01,Isuzu,Bangkok,599,857102,0,0,low
2021-11-01,Isuzu,Central,562,815699,1,0,low
2021-11-01,Isuzu,North,358,818494,0,0,high
2021-11-01,Isuzu,Northeast,325,844165,0,0,low
2021-11-01,Isuzu,South,395,792744,1,0,medium
2021-11-01,Ford,Bangkok,299,719666,0,0,medium
2021-11-01,Ford,Central,250,694635,0,0,high
2021-11-01,Ford,North,202,703833,0,0,high
2021-11-01,Ford,Northeast,154,692203,0,0,high
2021-11-01,Ford,South,179,712696,1,0,low
2021-11-01,Mazda,Bangkok,216,693091,0,0,low
2021-11-01,Mazda,Central,160,691530,0,0,low
2021-11-01,Mazda,North,166,698902,1,0,medium
2021-11-01,Mazda,Northeast,127,690512,0,0,low
2021-11-01,Mazda,South,138,708701,0,0,high
2021-12-01,Toyota,Bangkok,1134,801311,0,1,low
2021-12-01,Toyota,Central,1054,749087,1,1,low
2021-12-01,Toyota,North,657,793468,0,1,high
2021-12-01,Toyota,Northeast,624,736275,0,1,low
2021-12-01,Toyota,South,549,707020,0,1,medium
2021-12-01,Honda,Bangkok,724,707871,0,1,low
2021-12-01,Honda,Central,532,665287,0,1,medium
2021-12-01,Honda,North,376,692064,0,1,high
2021-12-01,Honda,Northeast,431,684055,0,1,medium
2021-12-01,Honda,South,387,675150,0,1,low
2021-12-01,Isuzu,Bangkok,792,833438,0,1,high
2021-12-01,Isuzu,Central,608,789341,0,1,high
2021-12-01,Isuzu,North,462,805328,0,1,medium
2021-12-01,Isuzu,Northeast,489,797858,0,1,low
2021-12-01,Isuzu,South,482,789961,1,1,low
2021-12-01,Ford,Bangkok,381,687686,0,1,low
2021-12-01,Ford,Central,293,655402,0,1,medium
2021-12-01,Ford,North,272,676681,0,1,medium
2021-12-01,Ford,Northeast,235,687191,0,1,low
2021-12-01,Ford,South,220,714348,0,1,medium
2021-12-01,Mazda,Bangkok,346,714945,1,1,low
2021-12-01,Mazda,Central,265,666812,1,1,medium
2021-12-01,Mazda,North,191,675913,0,1,low
2021-12-01,Mazda,Northeast,219,675127,1,1,low
2021-12-01,Mazda,South,176,688608,0,1,high
2022-01-01,Toyota,Bangkok,739,729911,0,0,medium
2022-01-01,Toyota,Central,627,752377,0,0,low
2022-01-01,Toyota,North,498,746198,0,0,medium
2022-01-01,Toyota,Northeast,467,729386,1,0,medium
2022-01-01,Toyota,South,479,736745,0,0,low
2022-01-01,Honda,Bangkok,586,702371,0,0,high
2022-01-01,Honda,Central,534,712723,1,0,high
2022-01-01,Honda,North,421,711760,1,0,low
2022-01-01,Honda,Northeast,333,643200,0,0,high
2022-01-01,Honda,South,323,726476,0,0,low
2022-01-01,Isuzu,Bangkok,644,817961,1,0,low
2022-01-01,Isuzu,Central,464,799209,0,0,low
2022-01-01,Isuzu,North,452,827820,1,0,medium
2022-01-01,Isuzu,Northeast,353,826998,0,0,medium
2022-01-01,Isuzu,South,403,844161,0,0,low
2022-01-01,Ford,Bangkok,319,693197,0,0,low
2022-01-01,Ford,Central,255,662024,0,0,low
2022-01-01,Ford,North,197,709208,0,0,low
2022-01-01,Ford,Northeast,209,722132,1,0,low
2022-01-01,Ford,South,219,707585,1,0,medium
2022-01-01,Mazda,Bangkok,232,677231,0,0,low
2022-01-01,Mazda,Central,199,697654,0,0,medium
2022-01-01,Mazda,North,166,709601,1,0,medium
2022-01-01,Mazda,Northeast,138,686593,0,0,low
2022-01-01,Mazda,South,142,700584,0,0,high
2022-02-01,Toyota,Bangkok,718,779723,0,0,low
2022-02-01,Toyota,Central,505,748387,0,0,low
2022-02-01,Toyota,North,418,791587,0,0,low
2022-02-01,Toyota,Northeast,397,748736,0,0,medium
2022-02-01,Toyota,South,363,750980,0,0,high
2022-02-01,Honda,Bangkok,404,673163,0,0,medium
2022-02-01,Honda,Central,344,698780,0,0,low
2022-02-01,Honda,North,337,682219,1,0,medium
2022-02-01,Honda,Northeast,264,699733,0,0,low
2022-02-01,Honda,South,324,690797,1,0,low
2022-02-01,Isuzu,Bangkok,542,781164,0,0,low
2022-02-01,Isuzu,Central,474,849002,1,0,low
2022-02-01,Isuzu,North,346,812148,0,0,medium
2022-02-01,Isuzu,Northeast,339,808055,1,0,low
2022-02-01,Isuzu,South,305,805404,0,0,medium
2022-02-01,Ford,Bangkok,283,664118,0,0,low
2022-02-01,Ford,Central,251,729370,1,0,medium
2022-02-01,Ford,North,160,713229,0,0,low
2022-02-01,Ford,Northeast,178,683100,1,0,high
2022-02-01,Ford,South,141,709781,0,0,low
2022-02-01,Mazda,Bangkok,221,715734,0,0,medium
2022-02-01,Mazda,Central,162,699312,0,0,low
2022-02-01,Mazda,North,129,688324,0,0,low
2022-02-01,Mazda,Northeast,117,673068,0,0,low
2022-02-01,Mazda,South,137,689757,1,0,low
2022-03-01,Toyota,Bangkok,1071,786498,1,1,high
2022-03-01,Toyota,Central,779,765198,1,1,low
2022-03-01,Toyota,North,651,762133,0,1,low
2022-03-01,Toyota,Northeast,539,748993,0,1,low
2022-03-01,Toyota,South,559,705996,0,1,low
2022-03-01,Honda,Bangkok,671,673996,0,1,low
2022-03-01,Honda,Central,510,689977,0,1,high
2022-03-01,Honda,North,395,667950,0,1,low
2022-03-01,Honda,Northeast,463,672774,1,1,low
2022-03-01,Honda,South,399,691049,1,1,low
2022-03-01,Isuzu,Bangkok,926,788974,1,1,medium
2022-03-01,Isuzu,Central,621,856089,0,1,low
2022-03-01,Isuzu,North,582,817280,1,1,medium
2022-03-01,Isuzu,Northeast,453,849516,0,1,high
2022-03-01,Isuzu,South,397,839539,0,1,medium
2022-03-01,Ford,Bangkok,431,701826,1,1,low
2022-03-01,Ford,Central,262,659400,0,1,low
2022-03-01,Ford,North,241,697590,0,1,medium
2022-03-01,Ford,Northeast,211,695007,0,1,high
2022-03-01,Ford,South,200,718331,0,1,medium
2022-03-01,Mazda,Bangkok,349,660479,1,1,low
2022-03-01,Mazda,Central,228,664815,0,1,low
2022-03-01,Mazda,North,176,698989,0,1,medium
2022-03-01,Mazda,Northeast,153,672541,0,1,medium
2022-03-01,Mazda,South,159,707774,0,1,medium
2022-04-01,Toyota,Bangkok,1019,730890,1,1,low
2022-04-01,Toyota,Central,699,776219,0,1,low
2022-04-01,Toyota,North,588,752345,0,1,low
2022-04-01,Toyota,Northeast,588,746126,1,1,low
2022-04-01,Toyota,South,627,753075,1,1,low
2022-04-01,Honda,Bangkok,708,670600,0,1,medium
2022-04-01,Honda,Central,625,651872,1,1,low
2022-04-01,Honda,North,415,680204,0,1,low
2022-04-01,Honda,Northeast,395,673571,0,1,medium
2022-04-01,Honda,South,403,649868,0,1,medium
2022-04-01,Isuzu,Bangkok,699,803522,0,1,medium
2022-04-01,Isuzu,Central,531,820552,0,1,high
2022-04-01,Isuzu,North,462,845498,0,1,medium
2022-04-01,Isuzu,Northeast,446,875938,1,1,medium
2022-04-01,Isuzu,South,528,805567,1,1,low
2022-04-01,Ford,Bangkok,380,687973,0,1,medium
2022-04-01,Ford,Central,343,672366,1,1,medium
2022-04-01,Ford,North,243,691700,0,1,medium
2022-04-01,Ford,Northeast,190,698756,0,1,medium
2022-04-01,Ford,South,208,703741,0,1,low
2022-04-01,Mazda,Bangkok,303,681911,0,1,medium
2022-04-01,Mazda,Central,213,661550,0,1,low
2022-04-01,Mazda,North,180,687234,0,1,medium
2022-04-01,Mazda,Northeast,146,692578,0,1,low
2022-04-01,Mazda,South,170,733617,1,1,medium
2022-05-01,Toyota,Bangkok,809,723935,1,0,high
2022-05-01,Toyota,Central,583,691000,0,0,low
2022-05-01,Toyota,North,427,771544,0,0,medium
2022-05-01,Toyota,Northeast,436,766461,1,0,medium
2022-05-01,Toyota,South,435,785187,0,0,high
2022-05-01,Honda,Bangkok,537,663911,1,0,high
2022-05-01,Honda,Central,416,703056,0,0,low
2022-05-01,Honda,North,357,647256,1,0,low
2022-05-01,Honda,Northeast,305,654555,1,0,low
2022-05-01,Honda,South,282,685525,0,0,low
2022-05-01,Isuzu,Bangkok,557,823042,0,0,medium
2022-05-01,Isuzu,Central,486,804610,0,0,medium
2022-05-01,Isuzu,North,366,834470,0,0,medium
2022-05-01,Isuzu,Northeast,337,833472,0,0,low
2022-05-01,Isuzu,South,319,838923,0,0,high
2022-05-01,Ford,Bangkok,332,675270,1,0,medium
2022-05-01,Ford,Central,226,694256,0,0,high
2022-05-01,Ford,North,162,744359,0,0,low
2022-05-01,Ford,Northeast,189,741933,1,0,medium
2022-05-01,Ford,South,168,679800,0,0,low
2022-05-01,Mazda,Bangkok,201,697404,0,0,high
2022-05-01,Mazda,Central,171,676522,0,0,low
2022-05-01,Mazda,North,112,692663,0,0,medium
2022-05-01,Mazda,Northeast,158,731974,1,0,low
2022-05-01,Mazda,South,127,682336,0,0,low
2022-06-01,Toyota,Bangkok,705,731730,0,0,low
2022-06-01,Toyota,Central,568,721542,0,0,low
2022-06-01,Toyota,North,454,773022,0,0,low
2022-06-01,Toyota,Northeast,409,731077,0,0,medium
2022-06-01,Toyota,South,494,750597,1,0,high
2022-06-01,Honda,Bangkok,488,692964,0,0,low
2022-06-01,Honda,Central,307,663314,0,0,low
2022-06-01,Honda,North,306,703802,0,0,low
2022-06-01,Honda,Northeast,253,688540,0,0,medium
2022-06-01,Honda,South,265,673686,0,0,low
2022-06-01,Isuzu,Bangkok,526,807193,0,0,low
2022-06-01,Isuzu,Central,435,816646,0,0,medium
2022-06-01,Isuzu,North,341,769719,0,0,high
2022-06-01,Isuzu,Northeast,301,800049,0,0,low
2022-06-01,Isuzu,South,330,797114,0,0,low
2022-06-01,Ford,Bangkok,266,724261,0,0,medium
2022-06-01,Ford,Central,246,708711,1,0,high
2022-06-01,Ford,North,168,724308,0,0,high
2022-06-01,Ford,Northeast,182,672101,1,0,low
2022-06-01,Ford,South,190,695824,1,0,medium
2022-06-01,Mazda,Bangkok,221,716540,0,0,high
2022-06-01,Mazda,Central,160,693008,0,0,low
2022-06-01,Mazda,North,154,720838,1,0,low
2022-06-01,Mazda,Northeast,130,660002,1,0,medium
2022-06-01,Mazda,South,117,671744,0,0,high
2022-07-01,Toyota,Bangkok,674,781579,0,0,low
2022-07-01,Toyota,Central,625,758841,1,0,low
2022-07-01,Toyota,North,498,744690,0,0,high
2022-07-01,Toyota,Northeast,373,751280,0,0,low
2022-07-01,Toyota,South,428,759349,1,0,medium
2022-07-01,Honda,Bangkok,513,663090,1,0,low
2022-07-01,Honda,Central,316,673735,0,0,high
2022-07-01,Honda,North,340,683078,1,0,medium
2022-07-01,Honda,Northeast,314,703205,0,0,low
2022-07-01,Honda,South,329,645659,1,0,low
2022-07-01,Isuzu,Bangkok,647,835101,1,0,low
2022-07-01,Isuzu,Central,504,800346,1,0,medium
2022-07-01,Isuzu,North,353,829617,0,0,low
2022-07-01,Isuzu,Northeast,348,832299,1,0,low
2022-07-01,Isuzu,South,325,815720,0,0,medium
2022-07-01,Ford,Bangkok,293,664568,1,0,low
2022-07-01,Ford,Central,210,679698,0,0,low
2022-07-01,Ford,North,170,707935,0,0,low
2022-07-01,Ford,Northeast,159,690656,0,0,medium
2022-07-01,Ford,South,170,694235,1,0,medium
2022-07-01,Mazda,Bangkok,253,651476,1,0,high
2022-07-01,Mazda,Central,156,666587,0,0,medium
2022-07-01,Mazda,North,138,697574,0,0,high
2022-07-01,Mazda,Northeast,117,671390,0,0,medium
2022-07-01,Mazda,South,108,697544,0,0,medium
2022-08-01,Toyota,Bangkok,699,730704,0,0,low
2022-08-01,Toyota,Central,550,744445,0,0,medium
2022-08-01,Toyota,North,478,760605,0,0,low
2022-08-01,Toyota,Northeast,456,754235,1,0,high
2022-08-01,Toyota,South,411,750015,0,0,low
2022-08-01,Honda,Bangkok,451,706180,0,0,high
2022-08-01,Honda,Central,503,704466,1,0,medium
2022-08-01,Honda,North,335,671769,0,0,low
2022-08-01,Honda,Northeast,307,687453,0,0,medium
2022-08-01,Honda,South,343,684041,1,0,low
2022-08-01,Isuzu,Bangkok,524,816267,0,0,low
2022-08-01,Isuzu,Central,463,810352,0,0,high
2022-08-01,Isuzu,North,366,809871,0,0,low
2022-08-01,Isuzu,Northeast,307,750395,0,0,medium
2022-08-01,Isuzu,South,281,796582,0,0,low
2022-08-01,Ford,Bangkok,272,723958,0,0,medium
2022-08-01,Ford,Central,208,679837,0,0,high
2022-08-01,Ford,North,200,720386,0,0,low
2022-08-01,Ford,Northeast,189,713158,0,0,low
2022-08-01,Ford,South,175,649504,1,0,low
2022-08-01,Mazda,Bangkok,247,726896,1,0,medium
2022-08-01,Mazda,Central,182,700795,1,0,low
2022-08-01,Mazda,North,127,672812,0,0,medium
2022-08-01,Mazda,Northeast,118,715415,0,0,low
2022-08-01,Mazda,South,120,695895,0,0,medium
2022-09-01,Toyota,Bangkok,739,750491,1,0,medium
2022-09-01,Toyota,Central,524,761119,0,0,low
2022-09-01,Toyota,North,415,754257,0,0,low
2022-09-01,Toyota,Northeast,372,712294,1,0,medium
2022-09-01,Toyota,South,380,721603,0,0,medium
2022-09-01,Honda,Bangkok,479,676150,0,0,high
2022-09-01,Honda,Central,426,698390,1,0,medium
2022-09-01,Honda,North,338,647086,1,0,medium
2022-09-01,Honda,Northeast,252,699638,0,0,medium
2022-09-01,Honda,South,333,669383,1,0,medium
2022-09-01,Isuzu,Bangkok,531,775683,0,0,low
2022-09-01,Isuzu,Central,428,840458,0,0,high
2022-09-01,Isuzu,North,385,838217,1,0,low
2022-09-01,Isuzu,Northeast,321,810417,0,0,low
2022-09-01,Isuzu,South,309,789252,1,0,high
2022-09-01,Ford,Bangkok,271,700067,0,0,low
2022-09-01,Ford,Central,234,665858,1,0,low
2022-09-01,Ford,North,163,718680,0,0,medium
2022-09-01,Ford,Northeast,166,701793,0,0,medium
2022-09-01,Ford,South,136,704651,0,0,low
2022-09-01,Mazda,Bangkok,200,681221,0,0,medium
2022-09-01,Mazda,Central,149,689449,0,0,medium
2022-09-01,Mazda,North,133,684265,0,0,low
2022-09-01,Mazda,Northeast,110,687874,0,0,low
2022-09-01,Mazda,South,116,692687,0,0,low
2022-10-01,Toyota,Bangkok,735,734882,0,0,low
2022-10-01,Toyota,Central,600,776791,0,0,medium
2022-10-01,Toyota,North,472,768125,0,0,low
2022-10-01,Toyota,Northeast,425,727605,0,0,low
2022-10-01,Toyota,South,435,749720,0,0,low
2022-10-01,Honda,Bangkok,536,711606,0,0,low
2022-10-01,Honda,Central,395,660882,0,0,low
2022-10-01,Honda,North,364,692451,1,0,low
2022-10-01,Honda,Northeast,303,693604,0,0,high
2022-10-01,Honda,South,287,682813,0,0,medium
2022-10-01,Isuzu,Bangkok,588,855241,0,0,low
2022-10-01,Isuzu,Central,448,806271,0,0,low
2022-10-01,Isuzu,North,367,846027,0,0,medium
2022-10-01,Isuzu,Northeast,351,791053,0,0,high
2022-10-01,Isuzu,South,310,830324,0,0,medium
2022-10-01,Ford,Bangkok,292,663149,0,0,low
2022-10-01,Ford,Central,214,700191,0,0,low
2022-10-01,Ford,North,217,713654,0,0,low
2022-10-01,Ford,Northeast,158,729487,0,0,low
2022-10-01,Ford,South,157,688372,0,0,medium
2022-10-01,Mazda,Bangkok,273,669320,1,0,medium
2022-10-01,Mazda,Central,188,648701,0,0,low
2022-10-01,Mazda,North,167,694688,1,0,low
2022-10-01,Mazda,Northeast,133,693706,0,0,high
2022-10-01,Mazda,South,127,677129,0,0,low
2022-11-01,Toyota,Bangkok,760,782373,0,0,low
2022-11-01,Toyota,Central,621,763951,0,0,low
2022-11-01,Toyota,North,579,746500,1,0,medium
2022-11-01,Toyota,Northeast,395,777669,0,0,medium
2022-11-01,Toyota,South,459,751376,0,0,low
2022-11-01,Honda,Bangkok,514,696541,0,0,low
2022-11-01,Honda,Central,463,693104,1,0,low
2022-11-01,Honda,North,335,686830,0,0,low
2022-11-01,Honda,Northeast,332,683455,0,0,low
2022-11-01,Honda,South,318,717430,0,0,medium
2022-11-01,Isuzu,Bangkok,631,798611,0,0,medium
2022-11-01,Isuzu,Central,504,813373,0,0,medium
2022-11-01,Isuzu,North,499,812382,1,0,medium
2022-11-01,Isuzu,Northeast,346,832552,0,0,low
2022-11-01,Isuzu,South,359,836263,0,0,high
2022-11-01,Ford,Bangkok,346,717131,1,0,low
2022-11-01,Ford,Central,253,689427,1,0,low
2022-11-01,Ford,North,236,663760,1,0,low
2022-11-01,Ford,Northeast,181,706066,0,0,medium
2022-11-01,Ford,South,169,709711,0,0,low
2022-11-01,Mazda,Bangkok,222,705193,0,0,low
2022-11-01,Mazda,Central,213,710039,1,0,low
2022-11-01,Mazda,North,167,697765,0,0,low
2022-11-01,Mazda,Northeast,141,667372,0,0,low
2022-11-01,Mazda,South,137,646951,0,0,low
2022-12-01,Toyota,Bangkok,1074,725710,0,1,medium
2022-12-01,Toyota,Central,851,777548,0,1,low
2022-12-01,Toyota,North,687,711189,0,1,medium
2022-12-01,Toyota,Northeast,576,707969,0,1,medium
2022-12-01,Toyota,South,661,762650,0,1,high
2022-12-01,Honda,Bangkok,869,659998,1,1,medium
2022-12-01,Honda,Central,540,676535,0,1,low
2022-12-01,Honda,North,565,664764,1,1,low
2022-12-01,Honda,Northeast,460,650703,0,1,low
2022-12-01,Honda,South,408,707978,0,1,low
2022-12-01,Isuzu,Bangkok,777,808898,0,1,medium
2022-12-01,Isuzu,Central,656,796254,0,1,high
2022-12-01,Isuzu,North,479,802846,0,1,medium
2022-12-01,Isuzu,Northeast,506,815488,0,1,medium
2022-12-01,Isuzu,South,443,795984,0,1,low
2022-12-01,Ford,Bangkok,501,685953,1,1,high
2022-12-01,Ford,Central,333,693585,0,1,low
2022-12-01,Ford,North,311,719213,1,1,low
2022-12-01,Ford,Northeast,250,681138,0,1,low
2022-12-01,Ford,South,233,689773,0,1,low
2022-12-01,Mazda,Bangkok,331,671111,0,1,high
2022-12-01,Mazda,Central,249,697349,0,1,medium
2022-12-01,Mazda,North,189,656781,0,1,low
2022-12-01,Mazda,Northeast,170,683942,0,1,medium
2022-12-01,Mazda,South,200,683216,1,1,low
2023-01-01,Toyota,Bangkok,839,768095,0,0,low
2023-01-01,Toyota,Central,676,733844,0,0,low
2023-01-01,Toyota,North,593,782440,1,0,low
2023-01-01,Toyota,Northeast,526,791701,1,0,medium
2023-01-01,Toyota,South,447,762123,0,0,low
2023-01-01,Honda,Bangkok,589,676916,0,0,low
2023-01-01,Honda,Central,434,658985,0,0,medium
2023-01-01,Honda,North,409,653487,1,0,low
2023-01-01,Honda,Northeast,344,649880,0,0,low
2023-01-01,Honda,South,311,684013,0,0,high
2023-01-01,Isuzu,Bangkok,649,800013,0,0,low
2023-01-01,Isuzu,Central,517,789156,0,0,high
2023-01-01,Isuzu,North,420,802210,0,0,low
2023-01-01,Isuzu,Northeast,340,813020,0,0,low
2023-01-01,Isuzu,South,389,801049,0,0,low
2023-01-01,Ford,Bangkok,336,698881,0,0,high
2023-01-01,Ford,Central,275,691679,1,0,medium
2023-01-01,Ford,North,205,649468,0,0,high
2023-01-01,Ford,Northeast,168,691146,0,0,low
2023-01-01,Ford,South,195,716660,1,0,low
2023-01-01,Mazda,Bangkok,285,697442,1,0,low
2023-01-01,Mazda,Central,182,670251,0,0,low
2023-01-01,Mazda,North,157,705867,0,0,low
2023-01-01,Mazda,Northeast,155,713597,0,0,low
2023-01-01,Mazda,South,149,710856,0,0,medium
2023-02-01,Toyota,Bangkok,671,730629,0,0,low
2023-02-01,Toyota,Central,469,743949,0,0,medium
2023-02-01,Toyota,North,460,736885,0,0,high
2023-02-01,Toyota,Northeast,389,736789,0,0,medium
2023-02-01,Toyota,South,456,743408,1,0,low
2023-02-01,Honda,Bangkok,399,653673,0,0,low
2023-02-01,Honda,Central,386,636530,0,0,medium
2023-02-01,Honda,North,305,692197,0,0,low
2023-02-01,Honda,Northeast,248,699732,0,0,low
2023-02-01,Honda,South,293,655344,0,0,low
2023-02-01,Isuzu,Bangkok,599,823565,1,0,low
2023-02-01,Isuzu,Central,466,809995,0,0,medium
2023-02-01,Isuzu,North,363,821522,0,0,medium
2023-02-01,Isuzu,Northeast,298,776751,0,0,low
2023-02-01,Isuzu,South,339,800701,1,0,low
2023-02-01,Ford,Bangkok,300,718036,0,0,high
2023-02-01,Ford,Central,207,702325,0,0,low
2023-02-01,Ford,North,167,725702,0,0,low
2023-02-01,Ford,Northeast,148,683593,0,0,medium
2023-02-01,Ford,South,155,670817,0,0,high
2023-02-01,Mazda,Bangkok,230,676655,1,0,medium
2023-02-01,Mazda,Central,164,716929,0,0,low
2023-02-01,Mazda,North,150,692456,1,0,low
2023-02-01,Mazda,Northeast,120,656302,0,0,medium
2023-02-01,Mazda,South,112,705101,0,0,low
2023-03-01,Toyota,Bangkok,1012,764601,0,1,low
2023-03-01,Toyota,Central,810,733363,0,1,low
2023-03-01,Toyota,North,745,749189,1,1,medium
2023-03-01,Toyota,Northeast,482,679787,0,1,low
2023-03-01,Toyota,South,555,744326,0,1,high
2023-03-01,Honda,Bangkok,744,684702,0,1,medium
2023-03-01,Honda,Central,584,681895,1,1,low
2023-03-01,Honda,North,476,657096,1,1,low
2023-03-01,Honda,Northeast,379,663622,0,1,low
2023-03-01,Honda,South,398,721537,0,1,medium
2023-03-01,Isuzu,Bangkok,741,857042,0,1,low
2023-03-01,Isuzu,Central,541,843322,0,1,low
2023-03-01,Isuzu,North,568,832344,1,1,low
2023-03-01,Isuzu,Northeast,463,827866,0,1,low
2023-03-01,Isuzu,South,455,836897,1,1,low
2023-03-01,Ford,Bangkok,449,693168,1,1,low
2023-03-01,Ford,Central,295,716141,0,1,low
2023-03-01,Ford,North,246,691297,0,1,medium
2023-03-01,Ford,Northeast,218,677986,0,1,high
2023-03-01,Ford,South,206,699316,0,1,low
2023-03-01,Mazda,Bangkok,283,693597,0,1,low
2023-03-01,Mazda,Central,222,664123,0,1,medium
2023-03-01,Mazda,North,199,713010,0,1,low
2023-03-01,Mazda,Northeast,166,680269,0,1,low
2023-03-01,Mazda,South,171,707102,0,1,low
2023-04-01,Toyota,Bangkok,1005,763092,0,1,low
2023-04-01,Toyota,Central,717,762214,0,1,medium
2023-04-01,Toyota,North,529,741063,0,1,medium
2023-04-01,Toyota,Northeast,588,722509,0,1,medium
2023-04-01,Toyota,South,478,743351,0,1,low
2023-04-01,Honda,Bangkok,641,697812,0,1,medium
2023-04-01,Honda,Central,597,679752,1,1,medium
2023-04-01,Honda,North,436,680175,1,1,low
2023-04-01,Honda,Northeast,356,694800,0,1,high
2023-04-01,Honda,South,373,631278,0,1,medium
2023-04-01,Isuzu,Bangkok,802,732944,0,1,low
2023-04-01,Isuzu,Central,547,823019,0,1,medium
2023-04-01,Isuzu,North,474,832512,0,1,low
2023-04-01,Isuzu,Northeast,411,801846,0,1,low
2023-04-01,Isuzu,South,420,855024,0,1,low
2023-04-01,Ford,Bangkok,346,700641,0,1,medium
2023-04-01,Ford,Central,297,702939,0,1,high
2023-04-01,Ford,North,231,692092,0,1,low
2023-04-01,Ford,Northeast,210,699467,0,1,low
2023-04-01,Ford,South,215,711525,1,1,low
2023-04-01,Mazda,Bangkok,285,707627,0,1,low
2023-04-01,Mazda,Central,195,695531,0,1,low
2023-04-01,Mazda,North,178,692974,0,1,medium
2023-04-01,Mazda,Northeast,157,697954,0,1,high
2023-04-01,Mazda,South,153,691512,0,1,low
2023-05-01,Toyota,Bangkok,660,741677,0,0,low
2023-05-01,Toyota,Central,563,695885,0,0,low
2023-05-01,Toyota,North,473,757501,0,0,low
2023-05-01,Toyota,Northeast,408,766111,0,0,low
2023-05-01,Toyota,South,450,793874,0,0,low
2023-05-01,Honda,Bangkok,544,690659,1,0,medium
2023-05-01,Honda,Central,405,678863,0,0,medium
2023-05-01,Honda,North,304,679459,0,0,high
2023-05-01,Honda,Northeast,290,675729,1,0,medium
2023-05-01,Honda,South,303,669548,1,0,high
2023-05-01,Isuzu,Bangkok,712,803362,1,0,low
2023-05-01,Isuzu,Central,407,826335,0,0,low
2023-05-01,Isuzu,North,413,868570,1,0,high
2023-05-01,Isuzu,Northeast,348,889703,1,0,medium
2023-05-01,Isuzu,South,371,804830,1,0,medium
2023-05-01,Ford,Bangkok,308,707646,1,0,high
2023-05-01,Ford,Central,199,705744,0,0,low
2023-05-01,Ford,North,227,673235,1,0,medium
2023-05-01,Ford,Northeast,183,682040,0,0,low
2023-05-01,Ford,South,163,664330,0,0,low
2023-05-01,Mazda,Bangkok,217,699175,0,0,low
2023-05-01,Mazda,Central,159,693488,0,0,medium
2023-05-01,Mazda,North,144,704394,0,0,low
2023-05-01,Mazda,Northeast,124,714668,0,0,low
2023-05-01,Mazda,South,115,696801,0,0,high
2023-06-01,Toyota,Bangkok,675,755847,0,0,medium
2023-06-01,Toyota,Central,642,731530,1,0,low
2023-06-01,Toyota,North,451,731034,0,0,low
2023-06-01,Toyota,Northeast,449,763463,0,0,low
2023-06-01,Toyota,South,517,728708,1,0,low
2023-06-01,Honda,Bangkok,443,685936,0,0,low
2023-06-01,Honda,Central,456,693587,1,0,low
2023-06-01,Honda,North,381,716122,1,0,low
2023-06-01,Honda,Northeast,294,657445,0,0,high
2023-06-01,Honda,South,297,718063,1,0,low
2023-06-01,Isuzu,Bangkok,564,852204,0,0,medium
2023-06-01,Isuzu,Central,421,835439,0,0,medium
2023-06-01,Isuzu,North,344,759435,0,0,low
2023-06-01,Isuzu,Northeast,396,789042,1,0,medium
2023-06-01,Isuzu,South,297,815597,0,0,low
2023-06-01,Ford,Bangkok,322,704569,1,0,low
2023-06-01,Ford,Central,227,681184,0,0,low
2023-06-01,Ford,North,192,725783,1,0,medium
2023-06-01,Ford,Northeast,169,673368,0,0,low
2023-06-01,Ford,South,145,690608,0,0,medium
2023-06-01,Mazda,Bangkok,194,680015,0,0,low
2023-06-01,Mazda,Central,174,685265,0,0,low
2023-06-01,Mazda,North,145,682117,0,0,medium
2023-06-01,Mazda,Northeast,128,678957,0,0,low
2023-06-01,Mazda,South,103,696479,0,0,low
2023-07-01,Toyota,Bangkok,610,734815,0,0,low
2023-07-01,Toyota,Central,460,747798,0,0,medium
2023-07-01,Toyota,North,448,760565,0,0,medium
2023-07-01,Toyota,Northeast,410,726596,1,0,medium
2023-07-01,Toyota,South,386,760938,0,0,medium
2023-07-01,Honda,Bangkok,489,658324,0,0,high
2023-07-01,Honda,Central,403,647053,0,0,high
2023-07-01,Honda,North,316,661695,0,0,medium
2023-07-01,Honda,Northeast,289,666165,0,0,low
2023-07-01,Honda,South,325,685678,0,0,medium
2023-07-01,Isuzu,Bangkok,599,864075,0,0,medium
2023-07-01,Isuzu,Central,426,815015,0,0,low
2023-07-01,Isuzu,North,440,820017,1,0,medium
2023-07-01,Isuzu,Northeast,295,777757,0,0,low
2023-07-01,Isuzu,South,367,804051,1,0,high
2023-07-01,Ford,Bangkok,332,688918,1,0,medium
2023-07-01,Ford,Central,240,679519,0,0,low
2023-07-01,Ford,North,163,695444,0,0,medium
2023-07-01,Ford,Northeast,164,716698,0,0,medium
2023-07-01,Ford,South,182,737990,1,0,high
2023-07-01,Mazda,Bangkok,206,682169,0,0,medium
2023-07-01,Mazda,Central,191,665127,1,0,medium
2023-07-01,Mazda,North,141,715096,0,0,low
2023-07-01,Mazda,Northeast,137,668547,1,0,medium
2023-07-01,Mazda,South,119,726145,0,0,low
2023-08-01,Toyota,Bangkok,848,766959,1,0,high
2023-08-01,Toyota,Central,683,722479,1,0,low
2023-08-01,Toyota,North,452,764403,0,0,medium
2023-08-01,Toyota,Northeast,428,775724,1,0,low
2023-08-01,Toyota,South,373,736964,0,0,low
2023-08-01,Honda,Bangkok,534,676150,0,0,medium
2023-08-01,Honda,Central,456,719914,1,0,medium
2023-08-01,Honda,North,339,677258,0,0,medium
2023-08-01,Honda,Northeast,258,699746,0,0,high
2023-08-01,Honda,South,284,674053,0,0,medium
2023-08-01,Isuzu,Bangkok,657,809798,1,0,low
2023-08-01,Isuzu,Central,430,807397,0,0,medium
2023-08-01,Isuzu,North,354,794816,0,0,medium
2023-08-01,Isuzu,Northeast,389,837917,1,0,medium
2023-08-01,Isuzu,South,321,870507,0,0,medium
2023-08-01,Ford,Bangkok,355,711894,1,0,medium
2023-08-01,Ford,Central,236,671787,0,0,medium
2023-08-01,Ford,North,197,685469,0,0,medium
2023-08-01,Ford,Northeast,181,758507,0,0,medium
2023-08-01,Ford,South,186,712673,0,0,low
2023-08-01,Mazda,Bangkok,258,707097,1,0,low
2023-08-01,Mazda,Central,165,701065,0,0,medium
2023-08-01,Mazda,North,131,725954,0,0,medium
2023-08-01,Mazda,Northeast,128,716502,0,0,low
2023-08-01,Mazda,South,141,680138,1,0,medium
2023-09-01,Toyota,Bangkok,624,735212,0,0,low
2023-09-01,Toyota,Central,607,767377,1,0,high
2023-09-01,Toyota,North,446,755521,0,0,low
2023-09-01,Toyota,Northeast,464,747247,1,0,medium
2023-09-01,Toyota,South,403,755129,0,0,low
2023-09-01,Honda,Bangkok,479,665080,0,0,low
2023-09-01,Honda,Central,364,641811,0,0,medium
2023-09-01,Honda,North,332,701700,1,0,medium
2023-09-01,Honda,Northeast,297,687863,1,0,low
2023-09-01,Honda,South,295,698017,1,0,high
2023-09-01,Isuzu,Bangkok,557,789678,0,0,low
2023-09-01,Isuzu,Central,450,851279,0,0,medium
2023-09-01,Isuzu,North,331,813778,0,0,medium
2023-09-01,Isuzu,Northeast,291,840534,0,0,low
2023-09-01,Isuzu,South,310,820534,0,0,medium
2023-09-01,Ford,Bangkok,236,696935,0,0,high
2023-09-01,Ford,Central,264,746392,1,0,low
2023-09-01,Ford,North,187,718168,0,0,low
2023-09-01,Ford,Northeast,150,687069,0,0,low
2023-09-01,Ford,South,170,692763,1,0,low
2023-09-01,Mazda,Bangkok,197,703274,0,0,low
2023-09-01,Mazda,Central,167,682218,1,0,medium
2023-09-01,Mazda,North,115,708423,0,0,low
2023-09-01,Mazda,Northeast,113,725419,0,0,high
2023-09-01,Mazda,South,121,650208,0,0,low
2023-10-01,Toyota,Bangkok,789,741098,1,0,high
2023-10-01,Toyota,Central,765,728873,1,0,medium
2023-10-01,Toyota,North,485,773692,0,0,low
2023-10-01,Toyota,Northeast,529,746741,1,0,medium
2023-10-01,Toyota,South,400,749632,0,0,low
2023-10-01,Honda,Bangkok,553,693656,0,0,low
2023-10-01,Honda,Central,366,647700,0,0,low
2023-10-01,Honda,North,352,700859,1,0,high
2023-10-01,Honda,Northeast,317,652040,1,0,low
2023-10-01,Honda,South,300,699867,0,0,medium
2023-10-01,Isuzu,Bangkok,654,790183,0,0,low
2023-10-01,Isuzu,Central,609,774207,1,0,high
2023-10-01,Isuzu,North,428,833792,1,0,low
2023-10-01,Isuzu,Northeast,319,812368,0,0,medium
2023-10-01,Isuzu,South,331,749045,0,0,medium
2023-10-01,Ford,Bangkok,268,698593,0,0,high
2023-10-01,Ford,Central,224,681617,0,0,medium
2023-10-01,Ford,North,214,726973,1,0,low
2023-10-01,Ford,Northeast,181,650257,0,0,low
2023-10-01,Ford,South,205,676505,1,0,low
2023-10-01,Mazda,Bangkok,285,667970,1,0,medium
2023-10-01,Mazda,Central,210,680760,1,0,high
2023-10-01,Mazda,North,147,681625,0,0,medium
2023-10-01,Mazda,Northeast,118,672610,0,0,low
2023-10-01,Mazda,South,114,712627,0,0,low
2023-11-01,Toyota,Bangkok,821,756000,0,0,low
2023-11-01,Toyota,Central,629,727761,0,0,medium
2023-11-01,Toyota,North,509,735592,0,0,low
2023-11-01,Toyota,Northeast,503,758059,0,0,medium
2023-11-01,Toyota,South,492,741308,1,0,low
2023-11-01,Honda,Bangkok,547,670695,0,0,high
2023-11-01,Honda,Central,405,688590,0,0,high
2023-11-01,Honda,North,370,698374,0,0,medium
2023-11-01,Honda,Northeast,375,659170,1,0,low
2023-11-01,Honda,South,326,693566,0,0,low
2023-11-01,Isuzu,Bangkok,645,844298,0,0,low
2023-11-01,Isuzu,Central,472,811407,0,0,low
2023-11-01,Isuzu,North,489,817629,1,0,low
2023-11-01,Isuzu,Northeast,345,827024,0,0,high
2023-11-01,Isuzu,South,387,802991,0,0,low
2023-11-01,Ford,Bangkok,353,683487,0,0,low
2023-11-01,Ford,Central,244,732460,0,0,medium
2023-11-01,Ford,North,201,720489,0,0,medium
2023-11-01,Ford,Northeast,164,690070,0,0,low
2023-11-01,Ford,South,181,667504,0,0,medium
2023-11-01,Mazda,Bangkok,217,704843,0,0,low
2023-11-01,Mazda,Central,182,679835,0,0,high
2023-11-01,Mazda,North,147,727417,0,0,low
2023-11-01,Mazda,Northeast,142,702914,0,0,low
2023-11-01,Mazda,South,133,657219,0,0,medium
2023-12-01,Toyota,Bangkok,1051,742289,0,1,low
2023-12-01,Toyota,Central,740,792775,0,1,low
2023-12-01,Toyota,North,713,761394,0,1,low
2023-12-01,Toyota,Northeast,535,776608,0,1,low
2023-12-01,Toyota,South,587,739646,0,1,low
2023-12-01,Honda,Bangkok,753,682879,0,1,medium
2023-12-01,Honda,Central,749,651737,1,1,high
2023-12-01,Honda,North,466,652723,0,1,medium
2023-12-01,Honda,Northeast,388,688948,0,1,low
2023-12-01,Honda,South,420,711987,0,1,low
2023-12-01,Isuzu,Bangkok,792,862497,0,1,low
2023-12-01,Isuzu,Central,634,807089,0,1,medium
2023-12-01,Isuzu,North,512,827295,0,1,medium
2023-12-01,Isuzu,Northeast,502,802635,0,1,medium
2023-12-01,Isuzu,South,523,794601,0,1,low
2023-12-01,Ford,Bangkok,421,711198,0,1,low
2023-12-01,Ford,Central,402,728503,1,1,low
2023-12-01,Ford,North,266,711510,0,1,low
2023-12-01,Ford,Northeast,248,681928,0,1,low
2023-12-01,Ford,South,237,678652,0,1,low
2023-12-01,Mazda,Bangkok,306,686897,0,1,medium
2023-12-01,Mazda,Central,255,679658,0,1,medium
2023-12-01,Mazda,North,214,661098,0,1,low
2023-12-01,Mazda,Northeast,201,677674,1,1,high
2023-12-01,Mazda,South,190,683235,0,1,low
2024-01-01,Toyota,Bangkok,797,721986,0,0,low
2024-01-01,Toyota,Central,670,712157,0,0,low
2024-01-01,Toyota,North,632,746866,1,0,low
2024-01-01,Toyota,Northeast,454,741665,0,0,low
2024-01-01,Toyota,South,461,742281,0,0,medium
2024-01-01,Honda,Bangkok,580,700264,1,0,medium
2024-01-01,Honda,Central,421,658895,0,0,medium
2024-01-01,Honda,North,364,695369,0,0,medium
2024-01-01,Honda,Northeast,333,659682,0,0,medium
2024-01-01,Honda,South,410,675346,1,0,medium
2024-01-01,Isuzu,Bangkok,840,830609,1,0,medium
2024-01-01,Isuzu,Central,532,800788,0,0,medium
2024-01-01,Isuzu,North,435,797327,1,0,medium
2024-01-01,Isuzu,Northeast,453,824319,1,0,medium
2024-01-01,Isuzu,South,347,863950,0,0,high
2024-01-01,Ford,Bangkok,330,704381,0,0,medium
2024-01-01,Ford,Central,307,685383,1,0,low
2024-01-01,Ford,North,228,666830,0,0,medium
2024-01-01,Ford,Northeast,194,753348,0,0,medium
2024-01-01,Ford,South,167,670316,0,0,low
2024-01-01,Mazda,Bangkok,260,653974,0,0,medium
2024-01-01,Mazda,Central,199,690229,0,0,medium
2024-01-01,Mazda,North,188,676319,1,0,medium
2024-01-01,Mazda,Northeast,139,691410,0,0,medium
2024-01-01,Mazda,South,148,669002,0,0,low
2024-02-01,Toyota,Bangkok,768,738932,1,0,low
2024-02-01,Toyota,Central,436,776897,0,0,low
2024-02-01,Toyota,North,462,785246,1,0,low
2024-02-01,Toyota,Northeast,408,759565,0,0,low
2024-02-01,Toyota,South,426,764717,1,0,low
2024-02-01,Honda,Bangkok,550,682480,1,0,high
2024-02-01,Honda,Central,417,675084,0,0,medium
2024-02-01,Honda,North,336,673095,0,0,low
2024-02-01,Honda,Northeast,226,657767,0,0,medium
2024-02-01,Honda,South,254,684495,0,0,low
2024-02-01,Isuzu,Bangkok,576,834576,0,0,low
2024-02-01,Isuzu,Central,460,831393,0,0,low
2024-02-01,Isuzu,North,325,825434,0,0,low
2024-02-01,Isuzu,Northeast,303,821103,0,0,low
2024-02-01,Isuzu,South,308,807620,0,0,low
2024-02-01,Ford,Bangkok,270,732444,0,0,medium
2024-02-01,Ford,Central,190,673912,0,0,medium
2024-02-01,Ford,North,165,691857,0,0,low
2024-02-01,Ford,Northeast,162,643810,0,0,low
2024-02-01,Ford,South,153,713689,0,0,low
2024-02-01,Mazda,Bangkok,219,654806,0,0,low
2024-02-01,Mazda,Central,171,704222,0,0,medium
2024-02-01,Mazda,North,142,686741,0,0,high
2024-02-01,Mazda,Northeast,119,704597,0,0,medium
2024-02-01,Mazda,South,118,656414,0,0,low
2024-03-01,Toyota,Bangkok,902,746799,0,1,low
2024-03-01,Toyota,Central,827,759240,0,1,low
2024-03-01,Toyota,North,590,733194,0,1,low
2024-03-01,Toyota,Northeast,607,742090,1,1,high
2024-03-01,Toyota,South,542,742370,0,1,medium
2024-03-01,Honda,Bangkok,762,647450,1,1,low
2024-03-01,Honda,Central,480,667937,0,1,low
2024-03-01,Honda,North,402,673372,0,1,medium
2024-03-01,Honda,Northeast,401,702130,0,1,low
2024-03-01,Honda,South,401,678253,0,1,low
2024-03-01,Isuzu,Bangkok,794,817035,0,1,low
2024-03-01,Isuzu,Central,597,831923,0,1,medium
2024-03-01,Isuzu,North,484,780918,0,1,medium
2024-03-01,Isuzu,Northeast,429,777464,0,1,low
2024-03-01,Isuzu,South,428,826071,0,1,medium
2024-03-01,Ford,Bangkok,389,698221,0,1,high
2024-03-01,Ford,Central,298,703665,0,1,medium
2024-03-01,Ford,North,293,689713,1,1,low
2024-03-01,Ford,Northeast,204,704427,0,1,low
2024-03-01,Ford,South,206,679706,0,1,high
2024-03-01,Mazda,Bangkok,348,693707,1,1,low
2024-03-01,Mazda,Central,282,709377,1,1,medium
2024-03-01,Mazda,North,185,706551,0,1,medium
2024-03-01,Mazda,Northeast,154,684712,0,1,low
2024-03-01,Mazda,South,165,681853,0,1,medium
2024-04-01,Toyota,Bangkok,989,755422,0,1,low
2024-04-01,Toyota,Central,754,782842,0,1,low
2024-04-01,Toyota,North,697,772520,1,1,high
2024-04-01,Toyota,Northeast,575,763320,0,1,medium
2024-04-01,Toyota,South,587,751429,0,1,low
2024-04-01,Honda,Bangkok,673,665684,0,1,low
2024-04-01,Honda,Central,506,683976,0,1,medium
2024-04-01,Honda,North,416,687750,0,1,high
2024-04-01,Honda,Northeast,378,701138,0,1,medium
2024-04-01,Honda,South,376,698762,0,1,low
2024-04-01,Isuzu,Bangkok,689,800409,0,1,low
2024-04-01,Isuzu,Central,603,807815,0,1,low
2024-04-01,Isuzu,North,485,815690,0,1,medium
2024-04-01,Isuzu,Northeast,428,782950,0,1,low
2024-04-01,Isuzu,South,435,859372,0,1,medium
2024-04-01,Ford,Bangkok,379,699755,0,1,high
2024-04-01,Ford,Central,328,751938,0,1,low
2024-04-01,Ford,North,229,738041,0,1,medium
2024-04-01,Ford,Northeast,214,675030,0,1,low
2024-04-01,Ford,South,226,672685,0,1,high
2024-04-01,Mazda,Bangkok,280,682373,0,1,high
2024-04-01,Mazda,Central,223,662344,0,1,medium
2024-04-01,Mazda,North,191,704784,1,1,high
2024-04-01,Mazda,Northeast,173,714811,0,1,low
2024-04-01,Mazda,South,168,675554,1,1,medium
2024-05-01,Toyota,Bangkok,845,729578,0,0,medium
2024-05-01,Toyota,Central,527,737674,0,0,low
2024-05-01,Toyota,North,419,710372,0,0,low
2024-05-01,Toyota,Northeast,409,736823,0,0,low
2024-05-01,Toyota,South,435,776721,1,0,low
2024-05-01,Honda,Bangkok,506,671758,0,0,high
2024-05-01,Honda,Central,398,678199,0,0,low
2024-05-01,Honda,North,370,690240,0,0,low
2024-05-01,Honda,Northeast,297,657019,0,0,low
2024-05-01,Honda,South,324,671369,1,0,medium
2024-05-01,Isuzu,Bangkok,578,831353,0,0,medium
2024-05-01,Isuzu,Central,419,839640,0,0,low
2024-05-01,Isuzu,North,432,787989,1,0,medium
2024-05-01,Isuzu,Northeast,340,812434,0,0,medium
2024-05-01,Isuzu,South,324,880540,0,0,medium
2024-05-01,Ford,Bangkok,288,720007,0,0,low
2024-05-01,Ford,Central,257,700644,0,0,medium
2024-05-01,Ford,North,231,713046,1,0,low
2024-05-01,Ford,Northeast,179,696239,0,0,medium
2024-05-01,Ford,South,177,707372,0,0,low
2024-05-01,Mazda,Bangkok,212,704718,0,0,low
2024-05-01,Mazda,Central,168,722215,0,0,low
2024-05-01,Mazda,North,136,678511,0,0,medium
2024-05-01,Mazda,Northeast,110,671730,0,0,high
2024-05-01,Mazda,South,140,721986,0,0,low
2024-06-01,Toyota,Bangkok,722,734853,0,0,medium
2024-06-01,Toyota,Central,660,731123,1,0,low
2024-06-01,Toyota,North,452,762182,0,0,low
2024-06-01,Toyota,Northeast,462,749848,1,0,medium
2024-06-01,Toyota,South,426,763408,0,0,low
2024-06-01,Honda,Bangkok,488,665509,0,0,low
2024-06-01,Honda,Central,410,677608,0,0,low
2024-06-01,Honda,North,338,665232,0,0,low
2024-06-01,Honda,Northeast,323,696449,1,0,medium
2024-06-01,Honda,South,279,611709,0,0,medium
2024-06-01,Isuzu,Bangkok,692,827468,1,0,low
2024-06-01,Isuzu,Central,505,862168,1,0,low
2024-06-01,Isuzu,North,398,820481,1,0,low
2024-06-01,Isuzu,Northeast,327,778279,0,0,high
2024-06-01,Isuzu,South,324,848301,0,0,medium
2024-06-01,Ford,Bangkok,326,693326,1,0,low
2024-06-01,Ford,Central,244,673022,0,0,medium
2024-06-01,Ford,North,196,660787,0,0,low
2024-06-01,Ford,Northeast,201,672036,1,0,low
2024-06-01,Ford,South,156,673716,0,0,low
2024-06-01,Mazda,Bangkok,225,690371,0,0,low
2024-06-01,Mazda,Central,177,693194,0,0,low
2024-06-01,Mazda,North,135,702190,0,0,high
2024-06-01,Mazda,Northeast,144,692555,1,0,medium
2024-06-01,Mazda,South,120,689373,0,0,medium
2024-07-01,Toyota,Bangkok,693,741397,0,0,low
2024-07-01,Toyota,Central,558,803361,0,0,medium
2024-07-01,Toyota,North,434,788457,0,0,medium
2024-07-01,Toyota,Northeast,419,744717,0,0,low
2024-07-01,Toyota,South,375,716534,0,0,low
2024-07-01,Honda,Bangkok,479,678750,0,0,low
2024-07-01,Honda,Central,414,699158,0,0,medium
2024-07-01,Honda,North,312,669821,0,0,medium
2024-07-01,Honda,Northeast,277,679928,0,0,low
2024-07-01,Honda,South,269,682834,0,0,high
2024-07-01,Isuzu,Bangkok,566,821894,0,0,medium
2024-07-01,Isuzu,Central,482,852973,0,0,medium
2024-07-01,Isuzu,North,372,828008,0,0,low
2024-07-01,Isuzu,Northeast,420,752941,1,0,medium
2024-07-01,Isuzu,South,341,883115,0,0,low
2024-07-01,Ford,Bangkok,276,706679,0,0,medium
2024-07-01,Ford,Central,221,705313,0,0,low
2024-07-01,Ford,North,221,733646,1,0,medium
2024-07-01,Ford,Northeast,182,718141,1,0,low
2024-07-01,Ford,South,170,693626,0,0,high
2024-07-01,Mazda,Bangkok,216,699441,0,0,high
2024-07-01,Mazda,Central,172,701515,1,0,medium
2024-07-01,Mazda,North,138,705929,1,0,low
2024-07-01,Mazda,Northeast,123,711883,0,0,high
2024-07-01,Mazda,South,100,712732,0,0,low
2024-08-01,Toyota,Bangkok,772,788909,0,0,medium
2024-08-01,Toyota,Central,519,764983,0,0,low
2024-08-01,Toyota,North,414,763765,0,0,medium
2024-08-01,Toyota,Northeast,446,732636,0,0,medium
2024-08-01,Toyota,South,410,750639,0,0,medium
2024-08-01,Honda,Bangkok,464,690913,0,0,low
2024-08-01,Honda,Central,355,675605,0,0,medium
2024-08-01,Honda,North,417,684069,1,0,low
2024-08-01,Honda,Northeast,269,659048,0,0,medium
2024-08-01,Honda,South,262,692641,0,0,low
2024-08-01,Isuzu,Bangkok,620,841626,1,0,high
2024-08-01,Isuzu,Central,463,772482,0,0,low
2024-08-01,Isuzu,North,332,797436,0,0,medium
2024-08-01,Isuzu,Northeast,329,850685,0,0,medium
2024-08-01,Isuzu,South,394,837123,1,0,low
2024-08-01,Ford,Bangkok,329,665299,1,0,low
2024-08-01,Ford,Central,237,701917,0,0,medium
2024-08-01,Ford,North,181,701211,0,0,low
2024-08-01,Ford,Northeast,159,685422,0,0,low
2024-08-01,Ford,South,170,711073,0,0,low
2024-08-01,Mazda,Bangkok,197,685054,0,0,medium
2024-08-01,Mazda,Central,192,721704,1,0,medium
2024-08-01,Mazda,North,147,704521,0,0,medium
2024-08-01,Mazda,Northeast,120,667199,0,0,low
2024-08-01,Mazda,South,119,714045,0,0,low
2024-09-01,Toyota,Bangkok,640,794748,0,0,low
2024-09-01,Toyota,Central,546,792680,0,0,high
2024-09-01,Toyota,North,475,707442,0,0,medium
2024-09-01,Toyota,Northeast,377,759329,0,0,low
2024-09-01,Toyota,South,437,764325,1,0,medium
2024-09-01,Honda,Bangkok,555,715489,0,0,low
2024-09-01,Honda,Central,434,668278,0,0,high
2024-09-01,Honda,North,349,671302,0,0,high
2024-09-01,Honda,Northeast,274,690090,0,0,medium
2024-09-01,Honda,South,278,714139,0,0,low
2024-09-01,Isuzu,Bangkok,617,835802,0,0,low
2024-09-01,Isuzu,Central,397,861823,0,0,low
2024-09-01,Isuzu,North,391,822097,0,0,low
2024-09-01,Isuzu,Northeast,284,779161,0,0,medium
2024-09-01,Isuzu,South,294,819785,0,0,low
2024-09-01,Ford,Bangkok,348,722653,1,0,low
2024-09-01,Ford,Central,233,713580,0,0,low
2024-09-01,Ford,North,180,706053,0,0,low
2024-09-01,Ford,Northeast,148,680409,0,0,high
2024-09-01,Ford,South,179,692593,1,0,low
2024-09-01,Mazda,Bangkok,242,718516,1,0,low
2024-09-01,Mazda,Central,153,685382,0,0,medium
2024-09-01,Mazda,North,140,709372,0,0,low
2024-09-01,Mazda,Northeast,121,698304,0,0,low
2024-09-01,Mazda,South,118,694462,0,0,medium
2024-10-01,Toyota,Bangkok,856,722779,0,0,low
2024-10-01,Toyota,Central,597,731717,0,0,medium
2024-10-01,Toyota,North,513,753808,0,0,high
2024-10-01,Toyota,Northeast,490,748502,1,0,low
2024-10-01,Toyota,South,457,804589,0,0,low
2024-10-01,Honda,Bangkok,527,694433,0,0,high
2024-10-01,Honda,Central,413,714969,0,0,low
2024-10-01,Honda,North,376,673264,0,0,low
2024-10-01,Honda,Northeast,349,660672,1,0,medium
2024-10-01,Honda,South,324,701879,0,0,medium
2024-10-01,Isuzu,Bangkok,607,841226,0,0,low
2024-10-01,Isuzu,Central,544,818389,1,0,medium
2024-10-01,Isuzu,North,477,801701,1,0,low
2024-10-01,Isuzu,Northeast,411,805323,1,0,low
2024-10-01,Isuzu,South,388,821800,0,0,medium
2024-10-01,Ford,Bangkok,303,698033,0,0,low
2024-10-01,Ford,Central,258,676545,1,0,medium
2024-10-01,Ford,North,212,683324,0,0,low
2024-10-01,Ford,Northeast,169,700766,0,0,low
2024-10-01,Ford,South,174,703683,0,0,low
2024-10-01,Mazda,Bangkok,237,720437,0,0,medium
2024-10-01,Mazda,Central,179,658384,0,0,medium
2024-10-01,Mazda,North,152,691858,0,0,high
2024-10-01,Mazda,Northeast,128,680396,0,0,low
2024-10-01,Mazda,South,143,690721,0,0,low
2024-11-01,Toyota,Bangkok,763,761568,0,0,low
2024-11-01,Toyota,Central,678,728522,0,0,low
2024-11-01,Toyota,North,558,721419,0,0,medium
2024-11-01,Toyota,Northeast,534,770137,1,0,low
2024-11-01,Toyota,South,506,725020,1,0,medium
2024-11-01,Honda,Bangkok,548,711063,0,0,medium
2024-11-01,Honda,Central,454,655039,0,0,high
2024-11-01,Honda,North,402,670932,0,0,medium
2024-11-01,Honda,Northeast,327,698384,0,0,high
2024-11-01,Honda,South,386,673020,1,0,low
2024-11-01,Isuzu,Bangkok,759,831232,1,0,low
2024-11-01,Isuzu,Central,509,868401,0,0,medium
2024-11-01,Isuzu,North,395,798319,0,0,medium
2024-11-01,Isuzu,Northeast,378,834642,0,0,medium
2024-11-01,Isuzu,South,383,793959,0,0,low
2024-11-01,Ford,Bangkok,332,663982,0,0,low
2024-11-01,Ford,Central,247,664183,0,0,medium
2024-11-01,Ford,North,196,730122,0,0,low
2024-11-01,Ford,Northeast,198,636344,1,0,low
2024-11-01,Ford,South,188,662901,0,0,low
2024-11-01,Mazda,Bangkok,252,679779,1,0,medium
2024-11-01,Mazda,Central,200,690624,1,0,medium
2024-11-01,Mazda,North,153,669533,0,0,low
2024-11-01,Mazda,Northeast,138,654493,0,0,medium
2024-11-01,Mazda,South,155,717035,0,0,low
2024-12-01,Toyota,Bangkok,1024,771204,0,1,medium
2024-12-01,Toyota,Central,861,759179,0,1,low
2024-12-01,Toyota,North,646,726224,0,1,low
2024-12-01,Toyota,Northeast,581,762094,0,1,low
2024-12-01,Toyota,South,684,697673,1,1,low
2024-12-01,Honda,Bangkok,706,704103,0,1,low
2024-12-01,Honda,Central,553,687341,0,1,low
2024-12-01,Honda,North,462,651395,0,1,high
2024-12-01,Honda,Northeast,461,657344,0,1,low
2024-12-01,Honda,South,463,678845,0,1,high
2024-12-01,Isuzu,Bangkok,858,841982,0,1,low
2024-12-01,Isuzu,Central,701,828574,0,1,low
2024-12-01,Isuzu,North,539,835314,0,1,low
2024-12-01,Isuzu,Northeast,591,782804,1,1,medium
2024-12-01,Isuzu,South,490,763971,0,1,low
2024-12-01,Ford,Bangkok,441,677465,0,1,low
2024-12-01,Ford,Central,347,698143,0,1,low
2024-12-01,Ford,North,282,734707,0,1,high
2024-12-01,Ford,Northeast,232,698386,0,1,medium
2024-12-01,Ford,South,247,674394,0,1,medium
2024-12-01,Mazda,Bangkok,390,720626,1,1,low
2024-12-01,Mazda,Central,256,726947,0,1,low
2024-12-01,Mazda,North,214,693179,0,1,medium
2024-12-01,Mazda,Northeast,223,687964,1,1,low
2024-12-01,Mazda,South,181,702192,0,1,medium
